airline;flight-code;auth-code;line-code;airport-A;airport-B;departure-est;departure-real;arrival-est;arrival-real;flight-status;delay-code
AAL;213;0;I;KMIA;SBBR;2017-01-02 01:20:00;2017-01-02 01:20:00;2017-01-02 09:00:00;2017-01-02 09:00:00;REALIZADO;
AAL;213;0;I;KMIA;SBBR;2017-01-24 01:20:00;2017-01-24 01:20:00;2017-01-24 09:00:00;2017-01-24 09:00:00;REALIZADO;
AAL;213;0;I;KMIA;SBBR;2017-01-29 01:20:00;2017-01-29 01:20:00;2017-01-29 09:00:00;2017-01-29 09:00:00;REALIZADO;
AAL;213;0;I;KMIA;SBBR;2017-01-23 01:20:00;2017-01-23 01:20:00;2017-01-23 09:00:00;2017-01-23 09:00:00;REALIZADO;
AAL;213;0;I;KMIA;SBBR;2017-01-25 01:20:00;2017-01-25 01:20:00;2017-01-25 09:00:00;2017-01-25 09:00:00;REALIZADO;
AAL;213;0;I;KMIA;SBBR;2017-01-08 01:20:00;2017-01-08 01:20:00;2017-01-08 09:00:00;2017-01-08 09:00:00;REALIZADO;
AAL;213;0;I;KMIA;SBBR;2017-01-13 01:20:00;2017-01-13 01:20:00;2017-01-13 09:00:00;2017-01-13 09:00:00;REALIZADO;
AAL;213;0;I;KMIA;SBBR;2017-01-20 01:20:00;2017-01-20 01:20:00;2017-01-20 09:00:00;2017-01-20 09:00:00;REALIZADO;
AAL;213;0;I;KMIA;SBBR;2017-01-11 01:20:00;2017-01-11 01:20:00;2017-01-11 09:00:00;2017-01-11 09:00:00;REALIZADO;
AAL;213;0;I;KMIA;SBBR;2017-01-09 01:20:00;2017-01-09 02:06:00;2017-01-09 09:00:00;2017-01-09 09:22:00;REALIZADO;TD
AAL;213;0;I;KMIA;SBBR;2017-01-06 01:20:00;2017-01-06 02:00:00;2017-01-06 09:00:00;2017-01-06 09:33:00;REALIZADO;MX
AAL;213;0;I;KMIA;SBBR;2017-01-27 01:20:00;2017-01-27 02:03:00;2017-01-27 09:00:00;2017-01-27 09:33:00;REALIZADO;TD
AAL;214;0;I;SBBR;KMIA;2017-01-20 23:55:00;2017-01-20 23:42:00;2017-01-21 07:45:00;2017-01-21 08:19:00;REALIZADO;MX
AAL;214;0;I;SBBR;KMIA;2017-01-31 23:55:00;;2017-02-01 07:45:00;;CANCELADO;XN
AAL;214;0;I;SBBR;KMIA;2017-01-26 23:55:00;2017-01-26 23:30:00;2017-01-27 07:45:00;2017-01-27 07:05:00;REALIZADO;AT
AAL;215;0;I;KLAX;SBGR;2017-01-07 21:55:00;2017-01-07 22:26:00;2017-01-08 10:00:00;2017-01-08 10:29:00;REALIZADO;TD
AAL;215;0;I;KLAX;SBGR;2017-01-24 21:55:00;2017-01-24 21:55:00;2017-01-25 10:00:00;2017-01-25 10:00:00;REALIZADO;
AAL;900;0;I;SAEZ;KMIA;2017-01-17 22:00:00;2017-01-17 22:00:00;2017-01-18 07:17:00;2017-01-18 07:17:00;REALIZADO;
AAL;900;0;I;SAEZ;KMIA;2017-01-23 22:00:00;2017-01-23 22:00:00;2017-01-24 07:17:00;2017-01-24 07:17:00;REALIZADO;
AAL;901;2;I;KMIA;SBGL;;2017-01-25 23:10:00;;2017-01-26 07:52:00;REALIZADO;
AAL;904;0;I;SBGL;KMIA;2017-01-01 22:40:00;2017-01-01 23:17:00;2017-01-02 07:35:00;2017-01-02 07:49:00;REALIZADO;MX
AAL;904;0;I;SBGL;KMIA;2017-01-27 22:40:00;2017-01-27 22:40:00;2017-01-28 07:35:00;2017-01-28 07:35:00;REALIZADO;
AAL;963;0;I;KDFW;SBGR;2017-01-31 23:00:00;2017-01-31 23:00:00;2017-02-01 09:05:00;2017-02-01 09:05:00;REALIZADO;
AAL;964;2;I;SBEG;KMIA;;2017-01-28 01:49:00;;2017-01-28 07:28:00;REALIZADO;
REALIZADO;
AFR;394;0;I;LFPG;SAEZ;2017-01-17 20:20:00;2017-01-17 20:20:00;2017-01-18 10:05:00;2017-01-18 10:05:00;REALIZADO;
AFR;401;0;I;SCEL;LFPG;2017-01-16 15:25:00;2017-01-16 15:25:00;2017-01-17 05:15:00;2017-01-17 05:15:00;REALIZADO;
AFR;401;0;I;SCEL;LFPG;2017-01-26 15:25:00;2017-01-26 15:25:00;2017-01-27 05:15:00;2017-01-27 05:15:00;REALIZADO;
AFR;401;0;I;SCEL;LFPG;2017-01-22 15:25:00;2017-01-22 15:25:00;2017-01-23 05:15:00;2017-01-23 05:15:00;REALIZADO;
AFR;401;0;I;SCEL;LFPG;2017-01-10 15:25:00;2017-01-10 15:25:00;2017-01-11 05:15:00;2017-01-11 05:15:00;REALIZADO;
AFR;401;0;I;SCEL;LFPG;2017-01-29 15:25:00;2017-01-29 15:37:00;2017-01-30 05:15:00;2017-01-30 06:00:00;REALIZADO;MX
AFR;457;0;I;SBGR;LFPG;2017-01-31 17:55:00;2017-01-31 17:55:00;2017-02-01 05:15:00;2017-02-01 05:15:00;REALIZADO;
ARG;1132;0;I;SAEZ;LEMD;2017-01-27 23:55:00;2017-01-27 23:55:00;2017-01-28 12:10:00;2017-01-28 12:10:00;REALIZADO;
ARG;1132;0;I;SAEZ;LEMD;2017-01-22 23:55:00;2017-01-22 23:55:00;2017-01-23 12:10:00;2017-01-23 12:10:00;REALIZADO;
AVA;85;0;I;SKBO;SBGR;2017-01-21 01:04:00;2017-01-21 01:04:00;2017-01-21 07:15:00;2017-01-21 07:15:00;REALIZADO;
AVA;85;4;I;SKBO;SBEG;;2017-01-21 01:01:00;;2017-01-21 03:44:00;REALIZADO;
AVA;248;0;I;SBGR;SKBO;2017-01-11 02:45:00;2017-01-11 02:14:00;2017-01-11 08:48:00;2017-01-11 07:41:00;REALIZADO;AF
AZU;2408;0;N;SBVT;SBRJ;2017-01-25 17:15:00;2017-01-25 17:09:00;2017-01-25 18:20:00;2017-01-25 18:47:00;REALIZADO;AT
AZU;2408;0;R;SBVT;SBRJ;2017-01-08 17:15:00;;2017-01-08 18:20:00;;CANCELADO;XB
AZU;2408;0;N;SBVT;SBRJ;2017-01-10 17:15:00;2017-01-10 17:01:00;2017-01-10 18:20:00;2017-01-10 18:07:00;REALIZADO;HD
AZU;2408;0;N;SBVT;SBRJ;2017-01-19 17:15:00;2017-01-19 17:05:00;2017-01-19 18:20:00;2017-01-19 18:13:00;REALIZADO;HD
AZU;2408;0;R;SBVT;SBRJ;2017-01-29 17:15:00;;2017-01-29 18:20:00;;CANCELADO;XB
AZU;2408;0;R;SBVT;SBRJ;2017-01-01 17:15:00;;2017-01-01 18:20:00;;CANCELADO;XB
AZU;2408;0;R;SBVT;SBRJ;2017-01-03 17:15:00;2017-01-03 17:15:00;2017-01-03 18:20:00;2017-01-03 18:20:00;REALIZADO;
AZU;2408;0;R;SBVT;SBRJ;2017-01-02 17:15:00;2017-01-02 17:15:00;2017-01-02 18:20:00;2017-01-02 18:20:00;REALIZADO;
AZU;2408;0;R;SBVT;SBRJ;2017-01-15 17:15:00;;2017-01-15 18:20:00;;CANCELADO;XB
AZU;2408;0;R;SBVT;SBRJ;2017-01-17 17:15:00;2017-01-17 17:15:00;2017-01-17 18:20:00;2017-01-17 18:20:00;REALIZADO;
AZU;2408;0;R;SBVT;SBRJ;2017-01-22 17:15:00;;2017-01-22 18:20:00;;CANCELADO;XB
AZU;2408;0;R;SBVT;SBRJ;2017-01-04 17:15:00;2017-01-04 17:15:00;2017-01-04 18:20:00;2017-01-04 18:20:00;REALIZADO;
AZU;2408;0;N;SBVT;SBRJ;2017-01-13 17:15:00;2017-01-13 17:03:00;2017-01-13 18:20:00;2017-01-13 18:11:00;REALIZADO;HD
AZU;2408;0;R;SBVT;SBRJ;2017-01-11 17:15:00;;2017-01-11 18:20:00;;CANCELADO;XN
AZU;2409;0;R;SBRJ;SBVT;2017-01-04 11:20:00;;2017-01-04 12:35:00;;CANCELADO;XB
AZU;2657;0;N;SBRF;SBBE;2017-01-12 13:26:00;2017-01-12 13:53:00;2017-01-12 16:03:00;2017-01-12 16:39:00;REALIZADO;MX
AZU;2657;0;R;SBSN;SBEG;2017-01-06 18:28:00;2017-01-06 18:28:00;2017-01-06 19:42:00;2017-01-06 19:42:00;REALIZADO;
AZU;2657;0;N;SBBE;SBSN;2017-01-24 16:33:00;2017-01-24 19:20:00;2017-01-24 17:58:00;2017-01-24 20:33:00;REALIZADO;RM
AZU;2657;0;R;SBSN;SBEG;2017-01-18 18:28:00;2017-01-18 18:28:00;2017-01-18 19:42:00;2017-01-18 19:42:00;REALIZADO;
AZU;2657;0;N;SBBE;SBSN;2017-01-13 16:33:00;2017-01-13 17:00:00;2017-01-13 17:58:00;2017-01-13 18:17:00;REALIZADO;WR
AZU;2782;0;R;SBPA;SBCY;2017-01-02 09:40:00;;2017-01-02 12:29:00;;CANCELADO;XB
AZU;2870;0;N;SBSP;SBCT;2017-01-28 07:30:00;2017-01-28 07:21:00;2017-01-28 08:35:00;2017-01-28 08:16:00;REALIZADO;HD
AZU;2981;0;N;SBFL;SBPF;2017-01-01 10:33:00;;2017-01-01 11:43:00;;CANCELADO;XB
AZU;2981;0;N;SBPF;SBPA;2017-01-22 12:13:00;2017-01-22 12:13:00;2017-01-22 13:13:00;2017-01-22 13:06:00;REALIZADO;HD
AZU;2981;0;N;SBPF;SBPA;2017-01-29 12:13:00;2017-01-29 12:02:00;2017-01-29 13:13:00;2017-01-29 12:53:00;REALIZADO;HD
AZU;4409;0;R;SBJV;SBKP;2017-01-11 06:00:00;;2017-01-11 07:20:00;;CANCELADO;XB
AZU;5158;0;N;SBCY;SBKP;2017-01-04 03:30:00;2017-01-04 03:26:00;2017-01-04 05:30:00;2017-01-04 05:27:00;REALIZADO;HD
AZU;5158;0;N;SBCY;SBKP;2017-01-11 03:30:00;2017-01-11 03:30:00;2017-01-11 05:30:00;2017-01-11 05:30:00;REALIZADO;
AZU;5158;3;N;SBCY;SBCY;;2017-01-28 03:23:00;;2017-01-28 03:30:00;REALIZADO;VR
AZU;5189;0;R;SBJA;SBKP;2017-01-16 14:15:00;;2017-01-16 15:35:00;;CANCELADO;XB
AZU;5202;0;N;SBRJ;SBGR;2017-01-29 22:10:00;2017-01-29 22:25:00;2017-01-29 23:20:00;2017-01-29 23:36:00;REALIZADO;MX
AZU;6417;0;R;SBSV;SBMO;2017-01-04 22:40:00;;2017-01-05 00:05:00;;CANCELADO;XN
AZU;6417;0;N;SBSV;SBMO;2017-01-13 22:40:00;2017-01-13 22:39:00;2017-01-14 00:05:00;2017-01-14 00:04:00;REALIZADO;HD
AZU;9070;2;N;SBKP;SBSL;;2017-01-20 23:48:00;;2017-01-21 03:06:00;REALIZADO;
BOV;767;0;I;KMIA;SLVR;2017-01-01 00:00:00;2017-01-01 00:00:00;2017-01-01 06:30:00;2017-01-01 06:30:00;REALIZADO;
BOV;767;0;I;KMIA;SLVR;2017-01-27 00:00:00;2017-01-27 00:00:00;2017-01-27 06:30:00;2017-01-27 06:30:00;REALIZADO;
BOV;767;0;I;KMIA;SLVR;2017-01-04 00:00:00;2017-01-04 00:00:00;2017-01-04 06:30:00;2017-01-04 06:30:00;REALIZADO;
BOV;767;0;I;KMIA;SLVR;2017-01-14 00:00:00;2017-01-14 00:00:00;2017-01-14 06:30:00;2017-01-14 06:30:00;REALIZADO;
BOV;767;0;I;KMIA;SLVR;2017-01-07 00:00:00;2017-01-07 00:00:00;2017-01-07 06:30:00;2017-01-07 06:30:00;REALIZADO;
BOV;767;0;I;KMIA;SLVR;2017-01-11 00:00:00;2017-01-11 00:00:00;2017-01-11 06:30:00;2017-01-11 06:30:00;REALIZADO;
CLX;761;0;G;SBKP;SBEG;2017-01-15 03:45:00;2017-01-15 04:08:00;2017-01-15 07:20:00;2017-01-15 05:49:00;REALIZADO;MX
CLX;761;0;G;SKBO;TJBQ;2017-01-22 17:35:00;2017-01-22 18:16:00;2017-01-22 20:10:00;2017-01-22 21:07:00;REALIZADO;MX
CLX;761;0;G;SBEG;SELT;2017-01-08 08:50:00;2017-01-08 09:38:00;2017-01-08 12:15:00;2017-01-08 11:37:00;REALIZADO;MX
CLX;761;4;G;EHAM;ELLX;;2017-01-16 08:56:00;;2017-01-16 09:58:00;REALIZADO;MX
CLX;762;0;G;ELLX;SBGL;2017-01-06 10:25:00;;2017-01-06 21:30:00;;CANCELADO;XN
CLX;762;0;G;ELLX;SBGL;2017-01-27 10:25:00;2017-01-27 10:25:00;2017-01-27 21:30:00;2017-01-27 21:30:00;REALIZADO;
CLX;762;0;G;ELLX;SBGL;2017-01-13 10:25:00;2017-01-13 14:03:00;2017-01-13 21:30:00;2017-01-13 22:35:00;REALIZADO;MX
CMP;140;0;I;SBEG;MPTO;2017-01-22 05:31:00;2017-01-22 05:05:00;2017-01-22 09:17:00;2017-01-22 08:43:00;REALIZADO;AT
CMP;369;0;I;SUMU;MPTO;2017-01-08 12:22:00;2017-01-08 12:22:00;2017-01-08 19:51:00;2017-01-08 19:51:00;REALIZADO;
CMP;369;0;I;SUMU;MPTO;2017-01-31 12:22:00;2017-01-31 12:22:00;2017-01-31 19:51:00;2017-01-31 19:51:00;REALIZADO;
DAL;471;0;I;KJFK;SBGR;2017-01-11 22:20:00;2017-01-11 22:09:00;2017-01-12 08:20:00;2017-01-12 08:12:00;REALIZADO;HA
DAL;471;0;I;KJFK;SBGR;2017-01-03 22:20:00;2017-01-03 22:04:00;2017-01-04 08:20:00;2017-01-04 07:33:00;REALIZADO;AT
DLH;506;0;I;EDDF;SBGR;2017-01-20 18:55:00;2017-01-20 18:55:00;2017-01-21 07:00:00;2017-01-21 07:00:00;REALIZADO;
DLH;506;0;I;EDDF;SBGR;2017-01-31 18:55:00;2017-01-31 18:55:00;2017-02-01 07:00:00;2017-02-01 07:00:00;REALIZADO;
DSM;4983;2;I;SBFL;SACO;;2017-01-28 12:12:00;;2017-01-28 14:34:00;REALIZADO;
DTA;702;0;I;FNLU;MUHA;2017-01-17 19:00:00;2017-01-17 19:48:00;2017-01-18 08:45:00;2017-01-18 08:50:00;REALIZADO;
DTA;702;0;I;FNLU;MUHA;2017-01-10 19:00:00;2017-01-10 19:30:00;2017-01-11 08:45:00;2017-01-11 09:15:00;REALIZADO;
ETD;191;0;I;OMAA;SBGR;2017-01-02 02:40:00;2017-01-02 02:40:00;2017-01-02 18:20:00;2017-01-02 18:20:00;REALIZADO;
ETD;191;0;I;OMAA;SBGR;2017-01-10 02:40:00;2017-01-10 02:40:00;2017-01-10 18:20:00;2017-01-10 18:20:00;REALIZADO;
ETD;191;0;I;OMAA;SBGR;2017-01-11 02:40:00;2017-01-11 03:29:00;2017-01-11 18:20:00;2017-01-11 19:11:00;REALIZADO;MX
ETD;191;0;I;OMAA;SBGR;2017-01-25 02:40:00;2017-01-25 02:40:00;2017-01-25 18:20:00;2017-01-25 18:20:00;REALIZADO;
ETH;506;0;I;HAAB;DXXX;2017-01-02 04:30:00;2017-01-02 04:30:00;2017-01-02 10:05:00;2017-01-02 10:05:00;REALIZADO;
ETH;506;0;I;DXXX;SBGR;2017-01-16 11:05:00;2017-01-16 11:05:00;2017-01-16 18:45:00;2017-01-16 18:45:00;REALIZADO;
FDX;44;0;G;KMEM;SBKP;2017-01-20 08:00:00;2017-01-20 08:00:00;2017-01-20 17:25:00;2017-01-20 17:25:00;REALIZADO;
FDX;46;2;G;KMEM;SBKP;;2017-01-03 07:03:00;;2017-01-03 16:13:00;REALIZADO;
FYW;6512;0;N;SBBH;SBUR;2017-01-13 06:30:00;2017-01-13 06:30:00;2017-01-13 07:40:00;2017-01-13 07:40:00;REALIZADO;
FYW;6512;0;N;SBBH;SBUR;2017-01-09 06:30:00;2017-01-09 06:30:00;2017-01-09 07:40:00;2017-01-09 07:40:00;REALIZADO;
FYW;6512;0;N;SBBH;SBUR;2017-01-04 06:30:00;2017-01-04 06:30:00;2017-01-04 07:40:00;2017-01-04 07:40:00;REALIZADO;
GEC;8264;0;G;EDDF;GOOY;2017-01-03 15:45:00;2017-01-03 15:45:00;2017-01-03 21:50:00;2017-01-03 21:39:00;REALIZADO;MX
GEC;8264;0;G;SUMU;SAEZ;2017-01-18 12:20:00;2017-01-18 12:20:00;2017-01-18 13:15:00;2017-01-18 13:15:00;REALIZADO;
GEC;8264;0;G;SUMU;SAEZ;2017-01-04 12:20:00;;2017-01-04 13:15:00;;CANCELADO;XN
GEC;8264;0;G;SUMU;SAEZ;2017-01-25 12:20:00;2017-01-25 12:20:00;2017-01-25 13:15:00;2017-01-25 13:15:00;REALIZADO;
GEC;8264;0;G;SBKP;SUMU;2017-01-25 07:50:00;2017-01-25 07:50:00;2017-01-25 10:20:00;2017-01-25 10:20:00;REALIZADO;
GLO;1003;0;N;SBRJ;SBSP;2017-01-18 07:10:00;2017-01-18 07:10:00;2017-01-18 08:15:00;2017-01-18 08:15:00;REALIZADO;
GLO;1003;0;R;SBRJ;SBSP;2017-01-07 07:10:00;;2017-01-07 08:15:00;;CANCELADO;XB
GLO;1003;0;N;SBRJ;SBSP;2017-01-26 07:10:00;2017-01-26 07:10:00;2017-01-26 08:15:00;2017-01-26 08:15:00;REALIZADO;
GLO;1003;0;N;SBRJ;SBSP;2017-01-27 07:10:00;2017-01-27 07:10:00;2017-01-27 08:15:00;2017-01-27 08:15:00;REALIZADO;
GLO;1125;0;R;SBCT;SBGR;2017-01-16 12:25:00;2017-01-16 12:25:00;2017-01-16 13:25:00;2017-01-16 13:25:00;REALIZADO;
GLO;1125;0;R;SBCT;SBGR;2017-01-05 12:25:00;2017-01-05 12:25:00;2017-01-05 13:25:00;2017-01-05 13:25:00;REALIZADO;
GLO;1125;0;R;SBCT;SBGR;2017-01-23 12:25:00;;2017-01-23 13:25:00;;CANCELADO;XO
GLO;1429;0;C;SBGO;SBSP;2017-01-04 12:25:00;2017-01-04 12:25:00;2017-01-04 14:00:00;2017-01-04 14:00:00;REALIZADO;
GLO;1429;0;C;SBGO;SBSP;2017-01-21 12:25:00;2017-01-21 12:25:00;2017-01-21 14:00:00;2017-01-21 14:00:00;REALIZADO;
GLO;1582;0;R;SBGR;SBTE;2017-01-16 20:25:00;;2017-01-16 23:30:00;;CANCELADO;XT
GLO;1582;0;N;SBGR;SBTE;2017-01-11 20:25:00;2017-01-11 20:42:00;2017-01-11 23:30:00;2017-01-11 23:45:00;REALIZADO;MX
GLO;9167;2;N;SBSG;SBGL;;2017-01-15 03:02:00;;2017-01-15 06:17:00;REALIZADO;
IBE;6025;0;I;LEMD;SBGL;2017-01-21 07:50:00;;2017-01-21 18:20:00;;CANCELADO;XB
IBE;6025;0;I;LEMD;SBGL;2017-01-19 07:50:00;2017-01-19 07:50:00;2017-01-19 18:20:00;2017-01-19 18:20:00;REALIZADO;
INC;774;0;I;SBEG;TNCC;2017-01-31 06:10:00;;2017-01-31 09:00:00;;CANCELADO;XN
INC;774;0;I;SBEG;TNCC;2017-01-04 06:10:00;2017-01-04 06:10:00;2017-01-04 09:00:00;2017-01-04 09:00:00;REALIZADO;
INC;774;0;I;SBEG;TNCC;2017-01-11 06:10:00;2017-01-11 06:33:00;2017-01-11 09:00:00;2017-01-11 09:07:00;REALIZADO;HA
INC;774;0;I;SBEG;TNCC;2017-01-21 06:10:00;2017-01-21 08:08:00;2017-01-21 09:00:00;2017-01-21 11:01:00;REALIZADO;HA
INC;774;0;I;SBEG;TNCC;2017-01-10 06:10:00;;2017-01-10 09:00:00;;CANCELADO;XN
ISS;3740;0;I;SBRF;SBFZ;2017-01-26 19:35:00;2017-01-26 19:35:00;2017-01-26 21:00:00;2017-01-26 21:00:00;REALIZADO;
ISS;3740;0;I;LIMC;SBRF;2017-01-26 08:00:00;2017-01-26 08:00:00;2017-01-26 18:05:00;2017-01-26 18:05:00;REALIZADO;
ISS;3740;0;I;LIMC;SBRF;2017-01-12 08:00:00;2017-01-12 08:00:00;2017-01-12 18:05:00;2017-01-12 18:05:00;REALIZADO;
ISS;3740;0;I;LIMC;SBRF;2017-01-19 08:00:00;2017-01-19 08:00:00;2017-01-19 18:05:00;2017-01-19 18:05:00;REALIZADO;
ISS;3740;0;I;SBFZ;LIMC;2017-01-12 22:30:00;2017-01-12 23:35:00;2017-01-13 08:15:00;2017-01-13 08:46:00;REALIZADO;MX
ISS;3740;0;I;SBFZ;LIMC;2017-01-19 22:30:00;2017-01-19 22:30:00;2017-01-20 08:15:00;2017-01-20 08:15:00;REALIZADO;
KAL;273;0;I;PANC;KMIA;2017-01-07 19:55:00;2017-01-07 20:10:00;2017-01-08 03:25:00;2017-01-08 03:47:00;REALIZADO;
KAL;273;0;I;KMIA;SBKP;2017-01-19 06:35:00;2017-01-19 06:27:00;2017-01-19 14:40:00;2017-01-19 14:29:00;REALIZADO;
KAL;273;0;I;PANC;KMIA;2017-01-28 19:55:00;2017-01-28 19:43:00;2017-01-29 03:25:00;2017-01-29 03:12:00;REALIZADO;
KAL;273;0;I;PANC;KMIA;2017-01-04 19:55:00;2017-01-04 23:36:00;2017-01-05 03:25:00;2017-01-05 06:50:00;REALIZADO;
KAL;273;0;I;KMIA;SBKP;2017-01-29 06:35:00;2017-01-29 09:07:00;2017-01-29 14:40:00;2017-01-29 16:57:00;REALIZADO;AI
KLM;701;0;I;EHAM;SAEZ;2017-01-11 17:55:00;2017-01-11 18:35:00;2017-01-12 07:55:00;2017-01-12 08:21:00;REALIZADO;MX
LAE;2831;0;G;KMIA;SBEG;2017-01-18 05:00:00;;2017-01-18 10:00:00;;CANCELADO;XN
LAE;2831;0;G;SBEG;SCEL;2017-01-11 12:00:00;;2017-01-11 17:00:00;;CANCELADO;XN
LAE;2831;0;G;KMIA;SBEG;2017-01-25 05:00:00;;2017-01-25 10:00:00;;CANCELADO;XN
LAN;752;0;I;SCEL;SBGR;2017-01-21 13:30:00;2017-01-21 13:51:00;2017-01-21 17:30:00;2017-01-21 18:18:00;REALIZADO;AR
LAN;752;0;I;SCEL;SBGR;2017-01-14 13:30:00;2017-01-14 13:30:00;2017-01-14 17:30:00;2017-01-14 17:30:00;REALIZADO;
LAN;752;0;I;SCEL;SBGR;2017-01-25 13:30:00;2017-01-25 13:30:00;2017-01-25 17:30:00;2017-01-25 17:30:00;REALIZADO;
LAN;752;0;I;SCEL;SBGR;2017-01-10 13:30:00;2017-01-10 13:30:00;2017-01-10 17:30:00;2017-01-10 17:30:00;REALIZADO;
LAN;752;0;I;SCEL;SBGR;2017-01-12 13:30:00;2017-01-12 13:30:00;2017-01-12 17:30:00;2017-01-12 17:30:00;REALIZADO;
LAN;752;0;I;SCEL;SBGR;2017-01-09 13:30:00;;2017-01-09 17:30:00;;CANCELADO;XN
LAP;724;0;I;SBGL;SAEZ;2017-01-19 19:40:00;2017-01-19 20:41:00;2017-01-19 23:05:00;2017-01-19 23:59:00;REALIZADO;AR
LAP;724;0;I;SBGL;SAEZ;2017-01-16 19:40:00;2017-01-16 19:40:00;2017-01-16 23:05:00;2017-01-16 23:05:00;REALIZADO;
LAP;724;0;I;SBGL;SAEZ;2017-01-23 19:40:00;2017-01-23 19:40:00;2017-01-23 23:05:00;2017-01-23 23:05:00;REALIZADO;
LAP;724;0;I;SAEZ;SGAS;2017-01-09 01:00:00;2017-01-09 02:36:00;2017-01-09 02:55:00;2017-01-09 04:38:00;REALIZADO;AT
LCO;1503;0;G;LFSB;SBGR;2017-01-23 11:40:00;2017-01-23 18:40:00;2017-01-24 02:30:00;2017-01-24 06:19:00;REALIZADO;MX
LCO;1503;0;G;SCEL;KMIA;2017-01-02 00:00:00;;2017-01-02 02:00:00;;CANCELADO;XN
LCO;1751;0;G;SBKP;SBCT;2017-01-06 19:05:00;;2017-01-06 19:44:00;;CANCELADO;XN
LCO;1751;0;G;SBCT;SAEZ;2017-01-27 21:00:00;;2017-01-27 23:30:00;;CANCELADO;XN
LTG;6578;0;C;SBGR;SBBE;2017-01-21 15:06:00;2017-01-21 19:12:00;2017-01-21 18:43:00;2017-01-21 22:41:00;REALIZADO;MX
LTG;6578;0;C;SBGR;SBBE;2017-01-07 15:06:00;;2017-01-07 18:43:00;;CANCELADO;XN
MPH;7552;0;G;SEQM;TJBQ;2017-01-21 21:00:00;2017-01-21 20:30:00;2017-01-22 00:25:00;2017-01-21 23:55:00;REALIZADO;
MPH;7552;0;G;SBKP;SCEL;2017-01-21 08:45:00;2017-01-21 08:13:00;2017-01-21 12:30:00;2017-01-21 12:00:00;REALIZADO;
MPH;7552;0;G;SCEL;SEQM;2017-01-21 14:30:00;2017-01-21 14:00:00;2017-01-21 19:30:00;2017-01-21 19:00:00;REALIZADO;
ONE;6001;0;E;SBRJ;SBSP;2017-01-25 06:40:00;;2017-01-25 07:45:00;;CANCELADO;XB
ONE;6001;0;E;SBRJ;SBSP;2017-01-31 06:40:00;2017-01-31 06:40:00;2017-01-31 07:45:00;2017-01-31 07:45:00;REALIZADO;
ONE;6001;0;E;SBRJ;SBSP;2017-01-30 06:40:00;2017-01-30 06:40:00;2017-01-30 07:45:00;2017-01-30 07:45:00;REALIZADO;
PAM;5913;0;R;SBIH;SBEG;2017-01-14 18:13:00;2017-01-14 18:13:00;2017-01-14 19:19:00;2017-01-14 19:19:00;REALIZADO;
PAM;5913;0;N;SBIH;SBEG;2017-01-09 18:13:00;2017-01-09 18:20:00;2017-01-09 19:19:00;2017-01-09 19:39:00;REALIZADO;MX
PAM;5913;4;N;SBIH;SWPI;;2017-01-03 18:38:00;;2017-01-03 19:16:00;REALIZADO;
PTB;2219;0;R;SWSI;SBBR;2017-01-18 16:25:00;;2017-01-18 18:50:00;;CANCELADO;XO
PTB;2219;0;R;SWSI;SBBR;2017-01-14 16:25:00;2017-01-14 16:25:00;2017-01-14 18:50:00;2017-01-14 18:50:00;REALIZADO;
PTB;2219;0;R;SWSI;SBBR;2017-01-21 16:25:00;2017-01-21 15:25:00;2017-01-21 18:50:00;2017-01-21 17:39:00;REALIZADO;MX
PTB;2219;0;R;SWSI;SBBR;2017-01-26 16:25:00;2017-01-26 15:20:00;2017-01-26 18:50:00;2017-01-26 17:48:00;REALIZADO;AR
PTB;2219;0;R;SBCY;SWSI;2017-01-30 15:00:00;2017-01-30 15:00:00;2017-01-30 16:05:00;2017-01-30 16:05:00;REALIZADO;
PTB;2219;0;R;SWSI;SBBR;2017-01-22 16:25:00;2017-01-22 16:49:00;2017-01-22 18:50:00;2017-01-22 19:10:00;REALIZADO;RA
PTB;2219;0;R;SBCY;SWSI;2017-01-10 15:00:00;2017-01-10 15:10:00;2017-01-10 16:05:00;2017-01-10 16:24:00;REALIZADO;AR
PTB;2219;4;N;SBCY;SBBR;;2017-01-18 15:10:00;;2017-01-18 18:34:00;REALIZADO;
QTR;774;0;I;SBGR;OTHH;2017-01-08 04:15:00;2017-01-08 06:51:00;2017-01-08 17:40:00;2017-01-08 20:03:00;REALIZADO;MX
QTR;774;0;I;SBGR;OTHH;2017-01-30 04:15:00;2017-01-30 05:45:00;2017-01-30 17:40:00;2017-01-30 18:53:00;REALIZADO;MX
RAM;215;0;I;GMMN;SBGR;2017-01-02 19:30:00;2017-01-02 19:30:00;2017-01-03 05:00:00;2017-01-03 05:00:00;REALIZADO;
RAM;215;0;I;SBGL;GMMN;2017-01-17 09:25:00;2017-01-17 09:12:00;2017-01-17 18:05:00;2017-01-17 17:30:00;REALIZADO;MX
RIO;9640;7;N;SBCF;SBCT;;2017-01-03 03:30:00;;2017-01-03 04:55:00;REALIZADO;
RIO;9648;7;N;SBRF;SBCT;;2017-01-21 18:45:00;;2017-01-21 22:15:00;REALIZADO;
SAA;203;0;I;FAJS;KJFK;2017-01-21 15:25:00;2017-01-21 15:25:00;2017-01-22 07:40:00;2017-01-22 07:40:00;REALIZADO;
SAA;203;0;I;FAJS;KJFK;2017-01-11 15:25:00;2017-01-11 15:25:00;2017-01-12 07:40:00;2017-01-12 07:40:00;REALIZADO;
SAA;225;0;I;SBGR;FAJS;2017-01-28 00:35:00;2017-01-28 00:22:00;2017-01-28 09:00:00;2017-01-28 09:50:00;REALIZADO;MX
SAA;225;0;I;SBGR;FAJS;2017-01-06 00:35:00;2017-01-06 00:35:00;2017-01-06 09:00:00;2017-01-06 09:00:00;REALIZADO;
SLM;9913;0;I;SMJP;SBBE;2017-01-23 08:00:00;2017-01-23 08:00:00;2017-01-23 09:45:00;2017-01-23 09:45:00;REALIZADO;
SWR;93;0;I;SBGR;LSZH;2017-01-29 20:20:00;2017-01-29 20:20:00;2017-01-30 08:00:00;2017-01-30 08:00:00;REALIZADO;
SWR;93;0;I;SBGR;LSZH;2017-01-18 20:20:00;2017-01-18 19:57:00;2017-01-19 08:00:00;2017-01-19 08:41:00;REALIZADO;MX
TAE;517;0;I;SPJC;SBGR;2017-01-22 11:00:00;2017-01-22 11:00:00;2017-01-22 15:50:00;2017-01-22 15:50:00;REALIZADO;
TAE;517;0;I;SEQU;SPJC;2017-01-11 08:00:00;2017-01-11 08:00:00;2017-01-11 10:00:00;2017-01-11 10:00:00;REALIZADO;
TAM;3001;0;E;SBSP;SBCT;2017-01-23 06:40:00;2017-01-23 09:36:00;2017-01-23 07:36:00;2017-01-23 10:32:00;REALIZADO;WT
TAM;3001;0;N;SBSP;SBCT;2017-01-21 06:40:00;2017-01-21 06:40:00;2017-01-21 07:36:00;2017-01-21 07:36:00;REALIZADO;
TAM;3002;0;N;SBCT;SBSP;2017-01-13 06:56:00;;2017-01-13 07:55:00;;CANCELADO;XN
TAM;3002;0;N;SBCT;SBSP;2017-01-30 06:56:00;2017-01-30 06:56:00;2017-01-30 07:55:00;2017-01-30 07:55:00;REALIZADO;
AFR;406;0;I;LFPG;SCEL;2017-02-28 19:40:00;2017-02-28 19:40:00;2017-03-01 10:05:00;2017-03-01 10:05:00;REALIZADO;
AFR;406;0;I;LFPG;SCEL;2017-02-16 20:40:00;2017-02-16 20:40:00;2017-02-17 11:05:00;2017-02-17 11:05:00;REALIZADO;
AFR;406;0;I;LFPG;SCEL;2017-02-07 20:40:00;2017-02-07 20:40:00;2017-02-08 11:05:00;2017-02-08 11:05:00;REALIZADO;
AFR;406;0;I;LFPG;SCEL;2017-02-03 20:40:00;2017-02-03 20:40:00;2017-02-04 11:05:00;2017-02-04 11:05:00;REALIZADO;
AFR;406;0;I;LFPG;SCEL;2017-02-05 20:40:00;2017-02-05 20:40:00;2017-02-06 11:05:00;2017-02-06 11:05:00;REALIZADO;
AFR;406;0;I;LFPG;SCEL;2017-02-01 20:40:00;2017-02-01 20:40:00;2017-02-02 11:05:00;2017-02-02 11:05:00;REALIZADO;
AFR;406;0;I;LFPG;SCEL;2017-02-11 20:40:00;2017-02-11 20:40:00;2017-02-12 11:05:00;2017-02-12 11:05:00;REALIZADO;
AFR;406;0;I;LFPG;SCEL;2017-02-18 20:40:00;2017-02-18 20:40:00;2017-02-19 11:05:00;2017-02-19 11:05:00;REALIZADO;
AFR;406;0;I;LFPG;SCEL;2017-02-23 19:40:00;2017-02-23 19:40:00;2017-02-24 10:05:00;2017-02-24 10:05:00;REALIZADO;
AFR;406;0;I;LFPG;SCEL;2017-02-20 19:40:00;2017-02-20 19:40:00;2017-02-21 10:05:00;2017-02-21 10:05:00;REALIZADO;
AFR;406;0;I;LFPG;SCEL;2017-02-08 20:40:00;2017-02-08 20:40:00;2017-02-09 11:05:00;2017-02-09 11:05:00;REALIZADO;
AFR;406;0;I;LFPG;SCEL;2017-02-13 20:40:00;2017-02-13 20:40:00;2017-02-14 11:05:00;2017-02-14 11:05:00;REALIZADO;
AFR;406;0;I;LFPG;SCEL;2017-02-12 20:40:00;2017-02-12 20:40:00;2017-02-13 11:05:00;2017-02-13 11:36:00;REALIZADO;MX
AMX;15;0;I;SBGR;MMMX;2017-02-24 22:55:00;2017-02-24 22:55:00;2017-02-25 09:05:00;2017-02-25 09:05:00;REALIZADO;
AMX;15;0;I;SBGR;MMMX;2017-02-20 22:55:00;2017-02-20 22:55:00;2017-02-21 09:05:00;2017-02-21 09:05:00;REALIZADO;
AMX;15;0;I;SBGR;MMMX;2017-02-02 23:55:00;2017-02-02 23:55:00;2017-02-03 10:05:00;2017-02-03 10:05:00;REALIZADO;
ARG;1132;0;I;SAEZ;LEMD;2017-02-01 23:55:00;2017-02-01 23:55:00;2017-02-02 12:10:00;2017-02-02 12:10:00;REALIZADO;
ARG;1132;0;I;SAEZ;LEMD;2017-02-09 23:55:00;2017-02-09 23:55:00;2017-02-10 12:10:00;2017-02-10 12:10:00;REALIZADO;
ARG;1132;0;I;SAEZ;LEMD;2017-02-13 23:55:00;2017-02-13 23:55:00;2017-02-14 12:10:00;2017-02-14 12:10:00;REALIZADO;
ARG;1132;0;I;SAEZ;LEMD;2017-02-03 23:55:00;2017-02-03 23:55:00;2017-02-04 12:10:00;2017-02-04 12:10:00;REALIZADO;
ARG;1132;0;I;SAEZ;LEMD;2017-02-20 23:55:00;2017-02-20 23:55:00;2017-02-21 12:10:00;2017-02-21 12:10:00;REALIZADO;
ARG;1132;0;I;SAEZ;LEMD;2017-02-26 23:55:00;2017-02-26 23:55:00;2017-02-27 12:10:00;2017-02-27 12:10:00;REALIZADO;
ARG;1132;0;I;SAEZ;LEMD;2017-02-15 23:55:00;2017-02-15 23:55:00;2017-02-16 12:10:00;2017-02-16 12:10:00;REALIZADO;
ARG;1132;0;I;SAEZ;LEMD;2017-02-08 23:55:00;2017-02-08 23:55:00;2017-02-09 12:10:00;2017-02-09 12:10:00;REALIZADO;
ARG;1132;0;I;SAEZ;LEMD;2017-02-22 23:55:00;2017-02-22 23:55:00;2017-02-23 12:10:00;2017-02-23 12:10:00;REALIZADO;
ARG;1132;0;I;SAEZ;LEMD;2017-02-27 23:55:00;2017-02-27 23:55:00;2017-02-28 12:10:00;2017-02-28 12:10:00;REALIZADO;
ARG;1132;0;I;SAEZ;LEMD;2017-02-17 23:55:00;2017-02-17 23:55:00;2017-02-18 12:10:00;2017-02-18 12:10:00;REALIZADO;
AUT;2231;0;I;SBPA;SABE;2017-02-25 12:35:00;2017-02-25 12:35:00;2017-02-25 14:20:00;2017-02-25 14:20:00;REALIZADO;
AUT;2231;0;I;SBPA;SABE;2017-02-13 13:35:00;2017-02-13 13:35:00;2017-02-13 14:15:00;2017-02-13 14:15:00;REALIZADO;
AUT;2231;0;I;SBPA;SABE;2017-02-16 13:35:00;2017-02-16 14:08:00;2017-02-16 14:15:00;2017-02-16 14:33:00;REALIZADO;MX
AUT;2231;0;I;SBPA;SABE;2017-02-02 13:35:00;2017-02-02 13:35:00;2017-02-02 14:15:00;2017-02-02 14:15:00;REALIZADO;
AUT;2231;0;I;SBPA;SABE;2017-02-05 13:35:00;2017-02-05 13:35:00;2017-02-05 14:15:00;2017-02-05 14:15:00;REALIZADO;
AUT;2242;0;I;SAEZ;SBGR;2017-02-17 20:00:00;2017-02-17 20:00:00;2017-02-17 23:45:00;2017-02-17 23:45:00;REALIZADO;
AUT;2242;0;I;SAEZ;SBGR;2017-02-24 20:00:00;2017-02-24 20:00:00;2017-02-24 22:45:00;2017-02-24 22:45:00;REALIZADO;
AUT;2242;0;I;SAEZ;SBGR;2017-02-19 20:00:00;2017-02-19 20:00:00;2017-02-19 22:45:00;2017-02-19 22:45:00;REALIZADO;
AUT;2242;0;I;SAEZ;SBGR;2017-02-10 20:00:00;2017-02-10 20:00:00;2017-02-10 23:45:00;2017-02-10 23:45:00;REALIZADO;
AUT;2242;0;I;SAEZ;SBGR;2017-02-12 20:00:00;2017-02-12 20:00:00;2017-02-12 23:45:00;2017-02-12 23:45:00;REALIZADO;
AUT;2242;0;I;SAEZ;SBGR;2017-02-03 20:00:00;2017-02-03 20:00:00;2017-02-03 23:45:00;2017-02-03 23:45:00;REALIZADO;
AUT;2242;0;I;SAEZ;SBGR;2017-02-05 20:00:00;2017-02-05 20:00:00;2017-02-05 23:45:00;2017-02-05 23:45:00;REALIZADO;
AUT;2242;0;I;SAEZ;SBGR;2017-02-26 20:00:00;2017-02-26 20:00:00;2017-02-26 22:45:00;2017-02-26 22:45:00;REALIZADO;
AUT;2242;1;I;SABE;SBGR;;2017-02-24 20:00:00;;2017-02-24 23:27:00;REALIZADO;
AUT;2243;0;I;SBGR;SABE;2017-02-20 23:25:00;2017-02-20 23:25:00;2017-02-21 02:20:00;2017-02-21 02:20:00;REALIZADO;
AUT;2243;0;I;SBGR;SABE;2017-02-11 00:25:00;2017-02-11 00:25:00;2017-02-11 02:20:00;2017-02-11 02:20:00;REALIZADO;
AUT;2243;0;I;SBGR;SABE;2017-02-04 00:25:00;2017-02-04 00:25:00;2017-02-04 02:20:00;2017-02-04 02:20:00;REALIZADO;
AUT;2243;0;I;SBGR;SABE;2017-02-06 00:25:00;2017-02-06 00:25:00;2017-02-06 02:20:00;2017-02-06 02:20:00;REALIZADO;
AUT;2243;0;I;SBGR;SABE;2017-02-25 23:25:00;2017-02-25 23:25:00;2017-02-26 02:20:00;2017-02-26 02:20:00;REALIZADO;
AUT;2243;0;I;SBGR;SABE;2017-02-18 00:25:00;2017-02-18 00:25:00;2017-02-18 02:20:00;2017-02-18 02:20:00;REALIZADO;
AUT;2243;0;I;SBGR;SABE;2017-02-27 23:25:00;2017-02-27 23:25:00;2017-02-28 02:20:00;2017-02-28 02:20:00;REALIZADO;
AUT;2243;0;I;SBGR;SABE;2017-02-13 00:25:00;2017-02-13 00:25:00;2017-02-13 02:20:00;2017-02-13 02:20:00;REALIZADO;
AUT;2243;1;I;SBGR;SABE;;2017-02-25 00:46:00;;2017-02-25 03:20:00;REALIZADO;
AVA;86;0;I;SBGR;SKBO;2017-02-18 09:30:00;2017-02-18 09:27:00;2017-02-18 15:34:00;2017-02-18 15:21:00;REALIZADO;
AVA;86;0;I;SBGR;SKBO;2017-02-01 09:30:00;2017-02-01 09:43:00;2017-02-01 15:34:00;2017-02-01 15:37:00;REALIZADO;AI
AVA;86;0;I;SBGR;SKBO;2017-02-07 09:30:00;2017-02-07 09:27:00;2017-02-07 15:34:00;2017-02-07 15:04:00;REALIZADO;
AVA;152;2;I;SBGL;SKBO;;2017-02-25 05:44:00;;2017-02-25 11:51:00;REALIZADO;
AVA;153;2;I;SKBO;SBGL;;2017-02-24 22:14:00;;2017-02-25 04:35:00;REALIZADO;
AVA;248;0;I;SBGR;SKBO;2017-02-09 02:45:00;2017-02-09 02:15:00;2017-02-09 08:48:00;2017-02-09 07:49:00;REALIZADO;MX
AVA;248;0;I;SBGR;SKBO;2017-02-19 01:10:00;2017-02-19 01:26:00;2017-02-19 07:13:00;2017-02-19 07:05:00;REALIZADO;MX
AVA;248;0;I;SBGR;SKBO;2017-02-03 02:45:00;2017-02-03 02:19:00;2017-02-03 08:48:00;2017-02-03 07:53:00;REALIZADO;AG
AVA;248;0;I;SBGR;SKBO;2017-02-13 02:45:00;2017-02-13 02:08:00;2017-02-13 08:48:00;2017-02-13 07:44:00;REALIZADO;
AVA;248;0;I;SBGR;SKBO;2017-02-15 02:45:00;2017-02-15 02:05:00;2017-02-15 08:48:00;2017-02-15 07:31:00;REALIZADO;
AVA;248;0;I;SBGR;SKBO;2017-02-26 01:10:00;2017-02-26 01:03:00;2017-02-26 07:13:00;2017-02-26 06:36:00;REALIZADO;
AVA;248;0;I;SBGR;SKBO;2017-02-10 02:45:00;2017-02-10 02:21:00;2017-02-10 08:48:00;2017-02-10 08:01:00;REALIZADO;MX
AVA;248;0;I;SBGR;SKBO;2017-02-14 02:45:00;2017-02-14 02:09:00;2017-02-14 08:48:00;2017-02-14 07:35:00;REALIZADO;
AVA;248;0;I;SBGR;SKBO;2017-02-22 01:10:00;2017-02-22 00:57:00;2017-02-22 07:13:00;2017-02-22 06:35:00;REALIZADO;
AVA;248;0;I;SBGR;SKBO;2017-02-08 02:45:00;2017-02-08 02:00:00;2017-02-08 08:48:00;2017-02-08 07:46:00;REALIZADO;
AVA;248;0;I;SBGR;SKBO;2017-02-06 02:45:00;2017-02-06 01:59:00;2017-02-06 08:48:00;2017-02-06 07:39:00;REALIZADO;
AVA;248;0;I;SBGR;SKBO;2017-02-12 02:45:00;2017-02-12 01:59:00;2017-02-12 08:48:00;2017-02-12 07:37:00;REALIZADO;
AVA;248;0;I;SBGR;SKBO;2017-02-18 02:45:00;2017-02-18 02:03:00;2017-02-18 08:48:00;2017-02-18 07:42:00;REALIZADO;
AVA;248;0;I;SBGR;SKBO;2017-02-21 01:10:00;2017-02-21 01:56:00;2017-02-21 07:13:00;2017-02-21 07:14:00;REALIZADO;TD
AVA;248;0;I;SBGR;SKBO;2017-02-17 02:45:00;2017-02-17 02:54:00;2017-02-17 08:48:00;2017-02-17 08:26:00;REALIZADO;AS
AVA;248;0;I;SBGR;SKBO;2017-02-28 01:10:00;2017-02-28 01:18:00;2017-02-28 07:13:00;2017-02-28 06:47:00;REALIZADO;AS
AVA;248;0;I;SBGR;SKBO;2017-02-05 02:45:00;2017-02-05 02:19:00;2017-02-05 08:48:00;2017-02-05 07:52:00;REALIZADO;AI
AVA;248;0;I;SBGR;SKBO;2017-02-16 02:45:00;2017-02-16 02:27:00;2017-02-16 08:48:00;2017-02-16 07:56:00;REALIZADO;AT
AVA;248;0;I;SBGR;SKBO;2017-02-04 02:45:00;2017-02-04 02:03:00;2017-02-04 08:48:00;2017-02-04 07:55:00;REALIZADO;
AVA;248;0;I;SBGR;SKBO;2017-02-11 02:45:00;2017-02-11 02:04:00;2017-02-11 08:48:00;2017-02-11 07:37:00;REALIZADO;
AVA;248;0;I;SBGR;SKBO;2017-02-20 01:10:00;2017-02-20 00:51:00;2017-02-20 07:13:00;2017-02-20 06:24:00;REALIZADO;
AVA;248;0;I;SBGR;SKBO;2017-02-25 01:10:00;2017-02-25 01:09:00;2017-02-25 07:13:00;2017-02-25 06:50:00;REALIZADO;
AVA;248;0;I;SBGR;SKBO;2017-02-27 01:10:00;2017-02-27 01:26:00;2017-02-27 07:13:00;2017-02-27 06:49:00;REALIZADO;AS
AVA;248;0;I;SBGR;SKBO;2017-02-24 01:10:00;2017-02-24 01:06:00;2017-02-24 07:13:00;2017-02-24 06:45:00;REALIZADO;
AVA;248;0;I;SBGR;SKBO;2017-02-02 02:45:00;2017-02-02 02:12:00;2017-02-02 08:48:00;2017-02-02 08:00:00;REALIZADO;AT
AVA;248;0;I;SBGR;SKBO;2017-02-01 02:45:00;2017-02-01 02:04:00;2017-02-01 08:48:00;2017-02-01 08:04:00;REALIZADO;
AVA;248;0;I;SBGR;SKBO;2017-02-07 02:45:00;2017-02-07 02:11:00;2017-02-07 08:48:00;2017-02-07 07:53:00;REALIZADO;AI
AVA;248;0;I;SBGR;SKBO;2017-02-23 01:10:00;2017-02-23 01:14:00;2017-02-23 07:13:00;2017-02-23 07:04:00;REALIZADO;MX
AZA;672;0;I;LIRF;SBGL;2017-02-23 18:45:00;;2017-02-24 07:00:00;;CANCELADO;XN
AZA;672;0;I;LIRF;SBGL;2017-02-21 18:45:00;2017-02-21 19:10:00;2017-02-22 07:00:00;2017-02-22 07:15:00;REALIZADO;TC
AZA;672;0;I;LIRF;SBGL;2017-02-15 18:45:00;2017-02-15 18:50:00;2017-02-16 07:00:00;2017-02-16 06:35:00;REALIZADO;
AZA;672;0;I;LIRF;SBGL;2017-02-10 18:45:00;2017-02-10 18:55:00;2017-02-11 07:00:00;2017-02-11 07:43:00;REALIZADO;MX
AZA;672;0;I;LIRF;SBGL;2017-02-26 18:45:00;2017-02-26 17:52:00;2017-02-27 07:00:00;2017-02-27 05:44:00;REALIZADO;
AZA;672;0;I;LIRF;SBGL;2017-02-03 18:45:00;2017-02-03 18:53:00;2017-02-04 07:00:00;2017-02-04 06:40:00;REALIZADO;
AZA;672;0;I;LIRF;SBGL;2017-02-05 18:45:00;2017-02-05 19:13:00;2017-02-06 07:00:00;2017-02-06 07:27:00;REALIZADO;
AZA;672;0;I;LIRF;SBGL;2017-02-08 18:45:00;2017-02-08 18:53:00;2017-02-09 07:00:00;2017-02-09 07:03:00;REALIZADO;
AZA;672;0;I;LIRF;SBGL;2017-02-16 18:45:00;2017-02-16 18:47:00;2017-02-17 07:00:00;2017-02-17 06:52:00;REALIZADO;
AZA;672;0;I;LIRF;SBGL;2017-02-25 18:45:00;2017-02-25 18:12:00;2017-02-26 07:00:00;2017-02-26 06:02:00;REALIZADO;
AZA;672;0;I;LIRF;SBGL;2017-02-27 18:45:00;2017-02-27 17:58:00;2017-02-28 07:00:00;2017-02-28 06:36:00;REALIZADO;TD
AZA;672;0;I;LIRF;SBGL;2017-02-22 18:45:00;2017-02-22 17:49:00;2017-02-23 07:00:00;2017-02-23 05:32:00;REALIZADO;
AZA;672;0;I;LIRF;SBGL;2017-02-17 18:45:00;2017-02-17 18:55:00;2017-02-18 07:00:00;2017-02-18 07:15:00;REALIZADO;
AZA;672;0;I;LIRF;SBGL;2017-02-28 18:45:00;2017-02-28 17:58:00;2017-03-01 07:00:00;2017-03-01 06:11:00;REALIZADO;
AZA;672;0;I;LIRF;SBGL;2017-02-06 18:45:00;2017-02-06 18:59:00;2017-02-07 07:00:00;2017-02-07 06:45:00;REALIZADO;
AZA;672;0;I;LIRF;SBGL;2017-02-24 18:45:00;2017-02-24 18:08:00;2017-02-25 07:00:00;2017-02-25 05:50:00;REALIZADO;
AZA;672;0;I;LIRF;SBGL;2017-02-11 18:45:00;2017-02-11 19:06:00;2017-02-12 07:00:00;2017-02-12 07:23:00;REALIZADO;
AZA;672;0;I;LIRF;SBGL;2017-02-02 18:45:00;2017-02-02 19:00:00;2017-02-03 07:00:00;2017-02-03 07:08:00;REALIZADO;
AZA;672;0;I;LIRF;SBGL;2017-02-04 18:45:00;2017-02-04 19:14:00;2017-02-05 07:00:00;2017-02-05 07:12:00;REALIZADO;
AZA;672;0;I;LIRF;SBGL;2017-02-01 18:45:00;2017-02-01 19:30:00;2017-02-02 07:00:00;2017-02-02 07:30:00;REALIZADO;TD
AZA;673;0;I;SBGL;LIRF;2017-02-21 17:00:00;2017-02-21 16:00:00;2017-02-22 04:00:00;2017-02-22 03:00:00;REALIZADO;
AZU;2420;0;N;SBKP;SBCF;2017-02-16 06:10:00;2017-02-16 06:10:00;2017-02-16 07:30:00;2017-02-16 07:21:00;REALIZADO;HD
AZU;2420;0;N;SBKP;SBCF;2017-02-13 06:10:00;2017-02-13 06:20:00;2017-02-13 07:30:00;2017-02-13 07:28:00;REALIZADO;HD
AZU;2420;0;N;SBKP;SBCF;2017-02-25 06:10:00;2017-02-25 09:21:00;2017-02-25 07:30:00;2017-02-25 10:30:00;REALIZADO;TC
AZU;2420;0;N;SBKP;SBCF;2017-02-17 06:10:00;2017-02-17 06:14:00;2017-02-17 07:30:00;2017-02-17 07:20:00;REALIZADO;HD
AZU;2420;0;N;SBKP;SBCF;2017-02-27 06:10:00;2017-02-27 06:02:00;2017-02-27 07:30:00;2017-02-27 07:19:00;REALIZADO;HD
AZU;2420;0;N;SBKP;SBCF;2017-02-11 06:10:00;2017-02-11 06:10:00;2017-02-11 07:30:00;2017-02-11 07:14:00;REALIZADO;HD
AZU;2420;0;N;SBKP;SBCF;2017-02-20 06:10:00;2017-02-20 06:07:00;2017-02-20 07:30:00;2017-02-20 07:12:00;REALIZADO;HD
AZU;2420;0;R;SBKP;SBCF;2017-02-28 06:10:00;;2017-02-28 07:30:00;;CANCELADO;XB
AZU;2420;0;R;SBKP;SBCF;2017-02-06 06:10:00;2017-02-06 06:10:00;2017-02-06 07:30:00;2017-02-06 07:30:00;REALIZADO;
AZU;2420;0;N;SBKP;SBCF;2017-02-21 06:10:00;2017-02-21 06:11:00;2017-02-21 07:30:00;2017-02-21 07:16:00;REALIZADO;HD
AZU;2420;0;N;SBKP;SBCF;2017-02-22 06:10:00;2017-02-22 06:09:00;2017-02-22 07:30:00;2017-02-22 07:14:00;REALIZADO;HD
AZU;2420;0;N;SBKP;SBCF;2017-02-03 06:10:00;2017-02-03 06:07:00;2017-02-03 07:30:00;2017-02-03 07:28:00;REALIZADO;HD
AZU;2420;0;N;SBKP;SBCF;2017-02-01 06:10:00;2017-02-01 06:01:00;2017-02-01 07:30:00;2017-02-01 07:08:00;REALIZADO;HD
AZU;2420;0;N;SBKP;SBCF;2017-02-18 06:10:00;2017-02-18 06:09:00;2017-02-18 07:30:00;2017-02-18 07:20:00;REALIZADO;HD
CLX;762;4;G;ELLX;SBKP;;2017-02-10 17:30:00;;2017-02-11 05:00:00;REALIZADO;MX
CLX;762;4;G;SBGL;SBKP;;2017-02-24 23:24:00;;2017-02-25 00:45:00;REALIZADO;MX
CLX;762;4;G;SBKP;SBGL;;2017-02-11 07:11:00;;2017-02-11 08:49:00;REALIZADO;MX
CLX;762;4;G;ELLX;SBGL;;2017-02-24 10:09:00;;2017-02-24 21:31:00;REALIZADO;
CLX;763;0;G;SBKP;ELLX;2017-02-11 02:00:00;2017-02-11 02:00:00;2017-02-11 13:30:00;2017-02-11 13:30:00;REALIZADO;
CLX;763;0;G;SBKP;ELLX;2017-02-18 02:00:00;2017-02-18 02:00:00;2017-02-18 13:30:00;2017-02-18 13:30:00;REALIZADO;
CLX;763;0;G;SBKP;ELLX;2017-02-04 02:00:00;2017-02-04 02:00:00;2017-02-04 13:30:00;2017-02-04 13:30:00;REALIZADO;
CLX;763;0;G;SBKP;ELLX;2017-02-25 01:00:00;2017-02-25 01:00:00;2017-02-25 12:30:00;2017-02-25 12:30:00;REALIZADO;
CLX;763;4;G;EHAM;ELLX;;2017-02-26 05:00:00;;2017-02-26 05:52:00;REALIZADO;
CLX;763;4;G;SBKP;SELT;;2017-02-25 02:12:00;;2017-02-25 07:29:00;REALIZADO;MX
CMP;206;0;I;SGAS;MPTO;2017-02-04 03:05:00;2017-02-04 03:05:00;2017-02-04 09:12:00;2017-02-04 09:12:00;REALIZADO;
CMP;206;0;I;SGAS;MPTO;2017-02-21 02:05:00;2017-02-21 02:05:00;2017-02-21 08:12:00;2017-02-21 08:12:00;REALIZADO;
CMP;206;0;I;SGAS;MPTO;2017-02-18 03:05:00;2017-02-18 03:05:00;2017-02-18 09:12:00;2017-02-18 09:12:00;REALIZADO;
DLH;510;0;I;EDDF;SAEZ;2017-02-05 19:05:00;2017-02-05 19:05:00;2017-02-06 08:55:00;2017-02-06 08:55:00;REALIZADO;
DLH;510;0;I;EDDF;SAEZ;2017-02-04 19:05:00;2017-02-04 19:05:00;2017-02-05 08:55:00;2017-02-05 08:55:00;REALIZADO;
DLH;510;0;I;EDDF;SAEZ;2017-02-07 19:05:00;2017-02-07 19:05:00;2017-02-08 08:55:00;2017-02-08 08:55:00;REALIZADO;
DLH;510;0;I;EDDF;SAEZ;2017-02-24 19:05:00;2017-02-24 19:05:00;2017-02-25 08:55:00;2017-02-25 08:55:00;REALIZADO;
DLH;510;0;I;EDDF;SAEZ;2017-02-27 19:05:00;2017-02-27 19:05:00;2017-02-28 08:55:00;2017-02-28 08:55:00;REALIZADO;
DLH;510;0;I;EDDF;SAEZ;2017-02-21 19:05:00;2017-02-21 19:05:00;2017-02-22 08:55:00;2017-02-22 08:55:00;REALIZADO;
DLH;510;0;I;EDDF;SAEZ;2017-02-23 19:05:00;2017-02-23 19:05:00;2017-02-24 08:55:00;2017-02-24 08:55:00;REALIZADO;
DLH;510;0;I;EDDF;SAEZ;2017-02-03 19:05:00;2017-02-03 19:05:00;2017-02-04 08:55:00;2017-02-04 08:55:00;REALIZADO;
DLH;510;0;I;EDDF;SAEZ;2017-02-17 19:05:00;2017-02-17 19:05:00;2017-02-18 08:55:00;2017-02-18 08:55:00;REALIZADO;
DLH;510;0;I;EDDF;SAEZ;2017-02-01 19:05:00;2017-02-01 19:05:00;2017-02-02 08:55:00;2017-02-02 08:55:00;REALIZADO;
DLH;510;0;I;EDDF;SAEZ;2017-02-22 19:05:00;2017-02-22 19:05:00;2017-02-23 08:55:00;2017-02-23 08:55:00;REALIZADO;
KLM;701;0;I;SAEZ;SCEL;2017-03-01 08:50:00;2017-03-01 08:50:00;2017-03-01 11:00:00;2017-03-01 11:00:00;REALIZADO;
KLM;701;0;I;SAEZ;SCEL;2017-02-23 08:50:00;2017-02-23 08:50:00;2017-02-23 11:00:00;2017-02-23 11:00:00;REALIZADO;
KLM;701;0;I;SAEZ;SCEL;2017-02-14 09:50:00;2017-02-14 09:50:00;2017-02-14 12:00:00;2017-02-14 12:00:00;REALIZADO;
KLM;701;0;I;EHAM;SAEZ;2017-02-28 16:55:00;2017-02-28 16:55:00;2017-03-01 06:55:00;2017-03-01 06:55:00;REALIZADO;
KLM;702;0;I;SAEZ;EHAM;2017-02-18 17:40:00;2017-02-18 17:40:00;2017-02-19 06:55:00;2017-02-19 06:55:00;REALIZADO;
KLM;702;0;I;SAEZ;EHAM;2017-02-14 17:40:00;2017-02-14 17:40:00;2017-02-15 06:55:00;2017-02-15 06:55:00;REALIZADO;
KLM;702;0;I;SCEL;SAEZ;2017-02-23 12:45:00;2017-02-23 12:45:00;2017-02-23 14:35:00;2017-02-23 14:35:00;REALIZADO;
KLM;702;0;I;SCEL;SAEZ;2017-02-09 13:45:00;2017-02-09 13:45:00;2017-02-09 15:35:00;2017-02-09 15:35:00;REALIZADO;
KLM;702;0;I;SCEL;SAEZ;2017-02-21 12:45:00;2017-02-21 12:45:00;2017-02-21 14:35:00;2017-02-21 14:35:00;REALIZADO;
KLM;702;0;I;SAEZ;EHAM;2017-02-01 17:40:00;2017-02-01 17:40:00;2017-02-02 06:55:00;2017-02-02 06:55:00;REALIZADO;
KLM;702;0;I;SAEZ;EHAM;2017-02-11 17:40:00;2017-02-11 17:40:00;2017-02-12 06:55:00;2017-02-12 06:55:00;REALIZADO;
KLM;702;0;I;SCEL;SAEZ;2017-02-07 13:45:00;2017-02-07 13:45:00;2017-02-07 15:35:00;2017-02-07 15:35:00;REALIZADO;
KLM;702;0;I;SAEZ;EHAM;2017-02-16 17:40:00;2017-02-16 17:40:00;2017-02-17 06:55:00;2017-02-17 06:55:00;REALIZADO;
KLM;702;0;I;SCEL;SAEZ;2017-02-13 13:45:00;2017-02-13 13:45:00;2017-02-13 15:35:00;2017-02-13 15:35:00;REALIZADO;
KLM;702;0;I;SCEL;SAEZ;2017-02-14 13:45:00;2017-02-14 13:45:00;2017-02-14 15:35:00;2017-02-14 15:35:00;REALIZADO;
KLM;702;0;I;SAEZ;EHAM;2017-02-04 17:40:00;2017-02-04 17:40:00;2017-02-05 06:55:00;2017-02-05 06:55:00;REALIZADO;
KLM;702;0;I;SAEZ;EHAM;2017-02-28 16:40:00;2017-02-28 16:32:00;2017-03-01 05:55:00;2017-03-01 05:17:00;REALIZADO;MX
LAE;2831;0;G;SEQM;SKBO;2017-02-15 23:00:00;;2017-02-16 00:00:00;;CANCELADO;XN
LAE;2831;0;G;SKBO;SKRG;2017-02-09 01:30:00;;2017-02-09 02:30:00;;CANCELADO;XN
LAE;2831;0;G;SCEL;SPJC;2017-02-01 19:00:00;;2017-02-01 20:00:00;;CANCELADO;XN
LAE;2831;0;G;SCEL;SPJC;2017-02-08 19:00:00;;2017-02-08 20:00:00;;CANCELADO;XN
LAE;2831;0;G;SEQM;SKBO;2017-02-08 23:00:00;;2017-02-09 00:00:00;;CANCELADO;XN
LAE;2831;0;G;SKBO;SKRG;2017-02-02 01:30:00;;2017-02-02 02:30:00;;CANCELADO;XN
LAE;2831;0;G;SCEL;SPJC;2017-02-15 19:00:00;;2017-02-15 20:00:00;;CANCELADO;XN
LAE;2831;0;G;KMIA;SBEG;2017-02-01 05:00:00;;2017-02-01 10:00:00;;CANCELADO;XN
LAE;2831;0;G;SKBO;SKRG;2017-02-16 01:30:00;;2017-02-16 02:30:00;;CANCELADO;XN
LAE;2841;0;G;KMIA;SGES;2017-02-16 02:00:00;;2017-02-16 08:00:00;;CANCELADO;XN
LAE;2841;0;G;SPJC;SEQM;2017-02-24 02:15:00;;2017-02-24 03:15:00;;CANCELADO;XN
LAE;2841;0;G;SBEG;SBKP;2017-02-16 16:00:00;;2017-02-16 19:40:00;;CANCELADO;XN
LAE;2841;0;G;SGES;SGAS;2017-02-09 09:15:00;;2017-02-09 10:00:00;;CANCELADO;XN
LAE;2841;0;G;SBKP;SPJC;2017-02-02 21:00:00;;2017-02-03 01:15:00;;CANCELADO;XN
LAE;2841;0;G;SGAS;SBEG;2017-02-16 11:00:00;;2017-02-16 14:30:00;;CANCELADO;XN
LAE;2841;0;G;EHAM;KMIA;2017-02-02 00:00:00;;2017-02-02 01:00:00;;CANCELADO;XN
LAE;2841;0;G;SKBO;SKRG;2017-02-03 06:30:00;;2017-02-03 07:00:00;;CANCELADO;XN
LAN;753;0;I;SBGR;SCEL;2017-02-24 19:20:00;2017-02-24 19:20:00;2017-02-24 23:30:00;2017-02-24 23:30:00;REALIZADO;
LAN;753;0;I;SBGR;SCEL;2017-02-12 19:20:00;2017-02-12 19:20:00;2017-02-12 23:30:00;2017-02-12 23:30:00;REALIZADO;
LAN;753;0;I;SBGR;SCEL;2017-02-18 19:20:00;2017-02-18 19:20:00;2017-02-18 23:30:00;2017-02-18 23:30:00;REALIZADO;
LAN;753;0;I;SBGR;SCEL;2017-02-15 19:20:00;2017-02-15 19:20:00;2017-02-15 23:30:00;2017-02-15 23:30:00;REALIZADO;
LAN;753;0;I;SBGR;SCEL;2017-02-21 19:20:00;2017-02-21 19:20:00;2017-02-21 23:30:00;2017-02-21 23:30:00;REALIZADO;
LAN;753;0;I;SBGR;SCEL;2017-02-09 19:20:00;2017-02-09 19:20:00;2017-02-09 23:30:00;2017-02-09 23:30:00;REALIZADO;
LAN;753;0;I;SBGR;SCEL;2017-02-06 19:20:00;2017-02-06 19:20:00;2017-02-06 23:30:00;2017-02-06 23:30:00;REALIZADO;
LAN;753;0;I;SBGR;SCEL;2017-02-26 19:20:00;2017-02-26 18:16:00;2017-02-26 23:30:00;2017-02-27 23:31:00;REALIZADO;FP
LAN;753;0;I;SBGR;SCEL;2017-02-20 19:20:00;2017-02-20 19:20:00;2017-02-20 23:30:00;2017-02-20 23:30:00;REALIZADO;
LPE;2767;0;I;SPJC;SBGR;2017-02-26 11:05:00;2017-02-26 11:05:00;2017-02-26 16:15:00;2017-02-26 16:15:00;REALIZADO;
LRC;694;0;I;SKBO;MROC;2017-02-08 16:19:00;2017-02-08 16:19:00;2017-02-08 22:09:00;2017-02-08 22:09:00;REALIZADO;
LRC;694;0;I;SKBO;MROC;2017-02-15 16:19:00;2017-02-15 16:19:00;2017-02-15 22:09:00;2017-02-15 22:09:00;REALIZADO;
AZU;2644;0;R;SBRF;SBMO;2017-03-02 09:50:00;2017-03-02 09:50:00;2017-03-02 10:46:00;2017-03-02 10:46:00;REALIZADO;
AZU;2644;0;N;SBRF;SBMO;2017-03-03 09:50:00;2017-03-03 09:41:00;2017-03-03 10:46:00;2017-03-03 10:30:00;REALIZADO;HD
AZU;2644;0;N;SBRF;SBMO;2017-03-06 09:50:00;2017-03-06 09:37:00;2017-03-06 10:46:00;2017-03-06 10:23:00;REALIZADO;HD
AZU;2644;0;N;SBRF;SBMO;2017-03-07 09:50:00;2017-03-07 09:46:00;2017-03-07 10:46:00;2017-03-07 10:34:00;REALIZADO;HD
AZU;2644;0;N;SBRF;SBMO;2017-03-08 09:50:00;2017-03-08 09:47:00;2017-03-08 10:46:00;2017-03-08 10:35:00;REALIZADO;HD
AZU;2644;0;N;SBRF;SBMO;2017-03-09 09:50:00;2017-03-09 09:52:00;2017-03-09 10:46:00;2017-03-09 10:36:00;REALIZADO;HD
AZU;2644;0;N;SBRF;SBMO;2017-03-10 09:50:00;2017-03-10 09:48:00;2017-03-10 10:46:00;2017-03-10 10:38:00;REALIZADO;HD
AZU;2644;0;N;SBRF;SBMO;2017-03-13 09:50:00;2017-03-13 09:47:00;2017-03-13 10:46:00;2017-03-13 10:37:00;REALIZADO;HD
AZU;2644;0;N;SBRF;SBMO;2017-03-14 09:50:00;2017-03-14 09:43:00;2017-03-14 10:46:00;2017-03-14 10:33:00;REALIZADO;HD
AZU;2644;0;N;SBRF;SBMO;2017-03-15 09:50:00;2017-03-15 10:34:00;2017-03-15 10:46:00;2017-03-15 11:25:00;REALIZADO;TD
AZU;2644;0;N;SBRF;SBMO;2017-03-16 09:50:00;2017-03-16 09:48:00;2017-03-16 10:46:00;2017-03-16 10:33:00;REALIZADO;HD
AZU;2644;0;R;SBRF;SBMO;2017-03-17 09:50:00;2017-03-17 09:50:00;2017-03-17 10:46:00;2017-03-17 10:46:00;REALIZADO;
AZU;2644;0;N;SBRF;SBMO;2017-03-20 09:50:00;2017-03-20 09:48:00;2017-03-20 10:46:00;2017-03-20 10:36:00;REALIZADO;HD
AZU;2644;0;N;SBRF;SBMO;2017-03-21 09:50:00;2017-03-21 09:39:00;2017-03-21 10:46:00;2017-03-21 10:25:00;REALIZADO;HD
AZU;2644;0;N;SBRF;SBMO;2017-03-22 09:50:00;2017-03-22 10:16:00;2017-03-22 10:46:00;2017-03-22 11:02:00;REALIZADO;TD
AZU;2644;0;N;SBRF;SBMO;2017-03-23 09:50:00;2017-03-23 09:46:00;2017-03-23 10:46:00;2017-03-23 10:34:00;REALIZADO;HD
AZU;2644;0;N;SBRF;SBMO;2017-03-24 09:50:00;2017-03-24 10:16:00;2017-03-24 10:46:00;2017-03-24 11:02:00;REALIZADO;TD
AZU;2644;0;N;SBRF;SBMO;2017-03-27 09:50:00;2017-03-27 10:56:00;2017-03-27 10:46:00;2017-03-27 11:47:00;REALIZADO;TC
AZU;2644;0;N;SBRF;SBMO;2017-03-28 09:50:00;2017-03-28 09:46:00;2017-03-28 10:46:00;2017-03-28 10:26:00;REALIZADO;HD
AZU;2644;0;N;SBRF;SBMO;2017-03-29 09:50:00;2017-03-29 09:48:00;2017-03-29 10:46:00;2017-03-29 10:38:00;REALIZADO;HD
AZU;2644;0;N;SBRF;SBMO;2017-03-30 09:50:00;2017-03-30 09:46:00;2017-03-30 10:46:00;2017-03-30 10:44:00;REALIZADO;HD
AZU;2644;0;N;SBRF;SBMO;2017-03-31 09:50:00;2017-03-31 10:07:00;2017-03-31 10:46:00;2017-03-31 10:52:00;REALIZADO;TD
AZU;2645;0;N;SBCY;SBGR;2017-03-05 17:56:00;2017-03-05 17:49:00;2017-03-05 20:15:00;2017-03-05 20:31:00;REALIZADO;AT
AZU;2645;0;N;SBCY;SBGR;2017-03-12 17:56:00;2017-03-12 17:56:00;2017-03-12 20:15:00;2017-03-12 20:30:00;REALIZADO;AT
AZU;2645;0;N;SBCY;SBGR;2017-03-19 17:56:00;2017-03-19 17:39:00;2017-03-19 20:15:00;2017-03-19 20:32:00;REALIZADO;HD
AZU;2645;0;R;SBCY;SBGR;2017-03-26 17:56:00;2017-03-26 17:56:00;2017-03-26 20:15:00;2017-03-26 20:15:00;REALIZADO;
AZU;2646;0;N;SBRJ;SBGO;2017-03-04 10:15:00;2017-03-04 10:15:00;2017-03-04 11:57:00;2017-03-04 11:57:00;REALIZADO;
AZU;2646;0;N;SBRJ;SBGO;2017-03-11 10:15:00;2017-03-11 10:40:00;2017-03-11 11:57:00;2017-03-11 12:21:00;REALIZADO;RI
AZU;2646;0;N;SBRJ;SBGO;2017-03-18 10:15:00;2017-03-18 10:15:00;2017-03-18 11:57:00;2017-03-18 11:57:00;REALIZADO;
AZU;2646;0;N;SBRJ;SBGO;2017-03-25 10:15:00;2017-03-25 10:15:00;2017-03-25 11:57:00;2017-03-25 11:57:00;REALIZADO;
AZU;2647;0;N;SBCF;SBRJ;2017-03-04 13:10:00;;2017-03-04 14:40:00;;CANCELADO;XB
AZU;2647;0;N;SBCF;SBRJ;2017-03-11 13:10:00;;2017-03-11 14:40:00;;CANCELADO;XB
AZU;2647;0;N;SBCF;SBRJ;2017-03-18 13:10:00;;2017-03-18 14:40:00;;CANCELADO;XB
AZU;2647;0;N;SBCF;SBRJ;2017-03-25 13:10:00;;2017-03-25 14:40:00;;CANCELADO;XB
AZU;2648;0;N;SBRJ;SBGO;2017-03-05 13:50:00;2017-03-05 13:50:00;2017-03-05 15:40:00;2017-03-05 15:40:00;REALIZADO;
AZU;2648;0;N;SBRJ;SBGO;2017-03-12 13:50:00;2017-03-12 14:07:00;2017-03-12 15:40:00;2017-03-12 15:55:00;REALIZADO;TD
AZU;2648;0;N;SBRJ;SBGO;2017-03-19 13:50:00;2017-03-19 13:50:00;2017-03-19 15:40:00;2017-03-19 15:40:00;REALIZADO;
AZU;2648;0;N;SBRJ;SBGO;2017-03-26 13:50:00;2017-03-26 13:50:00;2017-03-26 15:40:00;2017-03-26 15:31:00;REALIZADO;HD
AZU;2649;0;N;SBGO;SBRJ;2017-03-05 16:10:00;2017-03-05 16:13:00;2017-03-05 17:55:00;2017-03-05 18:15:00;REALIZADO;AT
AZU;2649;0;N;SBGO;SBRJ;2017-03-12 16:10:00;2017-03-12 16:24:00;2017-03-12 17:55:00;2017-03-12 18:34:00;REALIZADO;AT
AZU;2649;0;N;SBGO;SBRJ;2017-03-19 16:10:00;2017-03-19 16:08:00;2017-03-19 17:55:00;2017-03-19 17:44:00;REALIZADO;HD
GLO;1313;0;N;SBCF;SBSP;2017-03-02 18:20:00;2017-03-02 18:16:00;2017-03-02 19:40:00;2017-03-02 20:25:00;REALIZADO;WT
GLO;1313;0;R;SBCF;SBSP;2017-03-03 18:20:00;2017-03-03 18:20:00;2017-03-03 19:40:00;2017-03-03 19:40:00;REALIZADO;
GLO;1313;0;R;SBCF;SBSP;2017-03-05 18:20:00;;2017-03-05 19:40:00;;CANCELADO;XT
GLO;1313;0;N;SBCF;SBSP;2017-03-06 18:20:00;2017-03-06 18:20:00;2017-03-06 19:40:00;2017-03-06 19:40:00;REALIZADO;
GLO;1313;0;N;SBCF;SBSP;2017-03-07 18:20:00;2017-03-07 18:14:00;2017-03-07 19:40:00;2017-03-07 20:33:00;REALIZADO;WT
GLO;1313;0;N;SBCF;SBSP;2017-03-08 18:20:00;2017-03-08 18:20:00;2017-03-08 19:40:00;2017-03-08 19:40:00;REALIZADO;
GLO;1313;0;N;SBCF;SBSP;2017-03-09 18:20:00;2017-03-09 18:20:00;2017-03-09 19:40:00;2017-03-09 19:40:00;REALIZADO;
GLO;1313;0;N;SBCF;SBSP;2017-03-10 18:20:00;2017-03-10 18:45:00;2017-03-10 19:40:00;2017-03-10 20:08:00;REALIZADO;WT
GLO;1313;0;N;SBCF;SBSP;2017-03-12 18:20:00;2017-03-12 18:20:00;2017-03-12 19:40:00;2017-03-12 19:40:00;REALIZADO;
GLO;1313;0;N;SBCF;SBSP;2017-03-13 18:20:00;2017-03-13 18:20:00;2017-03-13 19:40:00;2017-03-13 19:40:00;REALIZADO;
TAM;3134;0;E;SBSP;SBVT;2017-03-11 17:10:00;2017-03-11 17:10:00;2017-03-11 18:34:00;2017-03-11 18:34:00;REALIZADO;
TAM;3134;0;N;SBSP;SBVT;2017-03-12 17:10:00;2017-03-12 17:10:00;2017-03-12 18:34:00;2017-03-12 18:34:00;REALIZADO;
TAM;3134;0;N;SBSP;SBVT;2017-03-13 17:10:00;2017-03-13 17:10:00;2017-03-13 18:34:00;2017-03-13 18:34:00;REALIZADO;
TAM;3134;0;E;SBSP;SBVT;2017-03-14 17:10:00;2017-03-14 17:10:00;2017-03-14 18:34:00;2017-03-14 18:34:00;REALIZADO;
TAM;3134;0;E;SBSP;SBVT;2017-03-15 17:10:00;2017-03-15 17:10:00;2017-03-15 18:34:00;2017-03-15 18:34:00;REALIZADO;
TAM;3134;0;E;SBSP;SBVT;2017-03-16 17:10:00;2017-03-16 18:10:00;2017-03-16 18:34:00;2017-03-16 19:40:00;REALIZADO;AR
TAM;3134;0;E;SBSP;SBVT;2017-03-17 17:10:00;2017-03-17 17:56:00;2017-03-17 18:34:00;2017-03-17 19:21:00;REALIZADO;AR
TAM;3134;0;E;SBSP;SBVT;2017-03-18 17:10:00;2017-03-18 17:10:00;2017-03-18 18:34:00;2017-03-18 18:34:00;REALIZADO;
TAM;3134;0;E;SBSP;SBVT;2017-03-19 17:10:00;2017-03-19 17:27:00;2017-03-19 18:34:00;2017-03-19 18:53:00;REALIZADO;AS
TAM;3134;0;N;SBSP;SBVT;2017-03-20 17:10:00;2017-03-20 17:10:00;2017-03-20 18:34:00;2017-03-20 18:34:00;REALIZADO;
TAM;3134;0;E;SBSP;SBVT;2017-03-21 17:10:00;2017-03-21 17:10:00;2017-03-21 18:34:00;2017-03-21 18:34:00;REALIZADO;
TAM;3134;0;N;SBSP;SBVT;2017-03-22 17:10:00;2017-03-22 17:10:00;2017-03-22 18:34:00;2017-03-22 18:34:00;REALIZADO;
TAM;3134;0;E;SBSP;SBVT;2017-03-23 17:10:00;2017-03-23 17:30:00;2017-03-23 18:34:00;2017-03-23 18:58:00;REALIZADO;AR
TAM;3134;0;E;SBSP;SBVT;2017-03-24 17:10:00;2017-03-24 17:32:00;2017-03-24 18:34:00;2017-03-24 18:55:00;REALIZADO;AR
TAM;3134;0;E;SBSP;SBVT;2017-03-25 17:10:00;2017-03-25 17:10:00;2017-03-25 18:34:00;2017-03-25 18:34:00;REALIZADO;
TAM;3134;0;E;SBSP;SBVT;2017-03-27 17:30:00;2017-03-27 17:30:00;2017-03-27 18:58:00;2017-03-27 18:58:00;REALIZADO;
TAM;3134;0;E;SBSP;SBVT;2017-03-28 17:30:00;2017-03-28 18:07:00;2017-03-28 18:58:00;2017-03-28 19:39:00;REALIZADO;AR
TAM;3134;0;E;SBSP;SBVT;2017-03-29 17:30:00;2017-03-29 18:03:00;2017-03-29 18:58:00;2017-03-29 19:36:00;REALIZADO;AR
TAM;3134;0;E;SBSP;SBVT;2017-03-30 17:30:00;2017-03-30 17:30:00;2017-03-30 18:58:00;2017-03-30 18:58:00;REALIZADO;
TAM;3134;0;N;SBSP;SBVT;2017-03-31 17:30:00;2017-03-31 17:30:00;2017-03-31 18:58:00;2017-03-31 18:58:00;REALIZADO;
TAM;3135;4;E;SBGL;SBSP;;2017-03-02 21:46:00;;2017-03-02 22:49:00;REALIZADO;
TAM;3135;0;E;SBVT;SBSP;2017-03-01 19:08:00;2017-03-01 19:28:00;2017-03-01 20:45:00;2017-03-01 20:58:00;REALIZADO;RA
TAM;3135;0;N;SBVT;SBSP;2017-03-02 19:08:00;;2017-03-02 20:45:00;;CANCELADO;XN
TAM;3135;0;N;SBVT;SBSP;2017-03-03 19:08:00;2017-03-03 19:08:00;2017-03-03 20:45:00;2017-03-03 20:45:00;REALIZADO;
TAM;3135;0;E;SBVT;SBSP;2017-03-05 19:08:00;2017-03-05 20:25:00;2017-03-05 20:45:00;2017-03-05 22:07:00;REALIZADO;WT
TAM;3135;0;N;SBVT;SBSP;2017-03-06 19:08:00;2017-03-06 19:08:00;2017-03-06 20:45:00;2017-03-06 20:45:00;REALIZADO;
TAM;3135;0;E;SBVT;SBSP;2017-03-07 19:08:00;2017-03-07 19:15:00;2017-03-07 20:45:00;2017-03-07 21:31:00;REALIZADO;AT
TAM;3135;0;E;SBVT;SBSP;2017-03-08 19:08:00;2017-03-08 19:24:00;2017-03-08 20:45:00;2017-03-08 21:06:00;REALIZADO;AR
TAM;3135;0;E;SBVT;SBSP;2017-03-09 19:08:00;2017-03-09 19:41:00;2017-03-09 20:45:00;2017-03-09 21:17:00;REALIZADO;AR
TAM;3135;0;N;SBVT;SBSP;2017-03-10 19:08:00;2017-03-10 19:08:00;2017-03-10 20:45:00;2017-03-10 20:45:00;REALIZADO;
TAM;3135;0;N;SBVT;SBSP;2017-03-12 19:08:00;2017-03-12 19:08:00;2017-03-12 20:45:00;2017-03-12 20:45:00;REALIZADO;
TAM;3135;0;N;SBVT;SBSP;2017-03-13 19:08:00;2017-03-13 19:08:00;2017-03-13 20:45:00;2017-03-13 20:45:00;REALIZADO;
TAM;3135;0;E;SBVT;SBSP;2017-03-14 19:08:00;2017-03-14 19:08:00;2017-03-14 20:45:00;2017-03-14 20:45:00;REALIZADO;
TAM;3135;0;N;SBVT;SBSP;2017-03-15 19:08:00;;2017-03-15 20:45:00;;CANCELADO;XN
TAM;3135;0;E;SBVT;SBSP;2017-03-16 19:08:00;2017-03-16 20:10:00;2017-03-16 20:45:00;2017-03-16 21:39:00;REALIZADO;AR
TAM;3135;0;E;SBVT;SBSP;2017-03-17 19:08:00;2017-03-17 20:14:00;2017-03-17 20:45:00;2017-03-17 21:50:00;REALIZADO;AR
TAM;3135;0;E;SBVT;SBSP;2017-03-19 19:08:00;2017-03-19 19:29:00;2017-03-19 20:45:00;2017-03-19 21:08:00;REALIZADO;AR
TAM;3135;0;N;SBVT;SBSP;2017-03-20 19:08:00;2017-03-20 19:08:00;2017-03-20 20:45:00;2017-03-20 20:45:00;REALIZADO;
TAM;3135;0;E;SBVT;SBSP;2017-03-21 19:08:00;2017-03-21 19:08:00;2017-03-21 20:45:00;2017-03-21 20:45:00;REALIZADO;
TAM;3135;0;E;SBVT;SBSP;2017-03-22 19:08:00;2017-03-22 18:57:00;2017-03-22 20:45:00;2017-03-22 20:30:00;REALIZADO;AT
TAM;3135;0;E;SBVT;SBSP;2017-03-23 19:08:00;2017-03-23 19:25:00;2017-03-23 20:45:00;2017-03-23 21:08:00;REALIZADO;AR
TAM;3135;0;E;SBVT;SBSP;2017-03-24 19:08:00;2017-03-24 19:30:00;2017-03-24 20:45:00;2017-03-24 21:08:00;REALIZADO;AR
TAM;3135;0;E;SBVT;SBSP;2017-03-27 19:23:00;2017-03-27 19:23:00;2017-03-27 21:00:00;2017-03-27 21:00:00;REALIZADO;
TAM;3135;0;E;SBVT;SBSP;2017-03-28 19:23:00;2017-03-28 20:11:00;2017-03-28 21:00:00;2017-03-28 21:56:00;REALIZADO;WA
TAM;3135;0;E;SBVT;SBSP;2017-03-29 19:23:00;2017-03-29 19:58:00;2017-03-29 21:00:00;2017-03-29 21:32:00;REALIZADO;RA
TAM;3135;0;E;SBVT;SBSP;2017-03-30 19:23:00;2017-03-30 19:23:00;2017-03-30 21:00:00;2017-03-30 21:00:00;REALIZADO;
TAM;3135;0;N;SBVT;SBSP;2017-03-31 19:23:00;2017-03-31 19:23:00;2017-03-31 21:00:00;2017-03-31 21:00:00;REALIZADO;
TAM;3135;4;E;SBVT;SBGL;;2017-03-02 19:12:00;;2017-03-02 20:52:00;REALIZADO;
TAM;3136;0;N;SBBR;SBAE;2017-03-28 06:45:00;2017-03-28 06:45:00;2017-03-28 08:11:00;2017-03-28 08:11:00;REALIZADO;
TAM;3136;0;N;SBBR;SBAE;2017-03-30 06:45:00;2017-03-30 06:45:00;2017-03-30 08:11:00;2017-03-30 08:11:00;REALIZADO;
TAM;3136;0;N;SBGR;SBSG;2017-03-01 20:10:00;;2017-03-01 23:25:00;;CANCELADO;XN
TAM;3136;0;N;SBGR;SBSG;2017-03-05 20:10:00;;2017-03-05 23:25:00;;CANCELADO;XN
TAM;3136;0;N;SBGR;SBSG;2017-03-06 20:10:00;;2017-03-06 23:25:00;;CANCELADO;XN
TAM;3136;0;N;SBGR;SBSG;2017-03-07 20:10:00;;2017-03-07 23:25:00;;CANCELADO;XN
TAM;3136;0;N;SBGR;SBSG;2017-03-08 20:10:00;;2017-03-08 23:25:00;;CANCELADO;XN
TAM;3136;0;N;SBGR;SBSG;2017-03-12 20:10:00;;2017-03-12 23:25:00;;CANCELADO;XN
TAM;3136;0;N;SBGR;SBSG;2017-03-13 20:10:00;;2017-03-13 23:25:00;;CANCELADO;XN
TAM;3136;0;N;SBGR;SBSG;2017-03-14 20:10:00;;2017-03-14 23:25:00;;CANCELADO;XN
TAM;3136;0;N;SBGR;SBSG;2017-03-15 20:10:00;;2017-03-15 23:25:00;;CANCELADO;XN
TAM;3136;0;N;SBGR;SBSG;2017-03-19 20:10:00;;2017-03-19 23:25:00;;CANCELADO;XN
TAM;3136;0;N;SBGR;SBSG;2017-03-20 20:10:00;;2017-03-20 23:25:00;;CANCELADO;XN
TAM;3136;0;N;SBGR;SBSG;2017-03-21 20:10:00;;2017-03-21 23:25:00;;CANCELADO;XN
TAM;3136;0;N;SBGR;SBSG;2017-03-22 20:10:00;;2017-03-22 23:25:00;;CANCELADO;XN
TAM;3137;0;N;SBSG;SBGR;2017-03-01 08:55:00;;2017-03-01 12:20:00;;CANCELADO;XN
TAM;3137;0;N;SBSG;SBGR;2017-03-02 08:55:00;;2017-03-02 12:20:00;;CANCELADO;XN
TAM;3137;0;N;SBSG;SBGR;2017-03-03 08:55:00;;2017-03-03 12:20:00;;CANCELADO;XN
TAM;3137;0;N;SBSG;SBGR;2017-03-04 08:55:00;;2017-03-04 12:20:00;;CANCELADO;XN
TAM;3137;0;N;SBSG;SBGR;2017-03-05 08:55:00;;2017-03-05 12:20:00;;CANCELADO;XN
TAM;3137;0;N;SBSG;SBGR;2017-03-06 08:55:00;;2017-03-06 12:20:00;;CANCELADO;XN
TAM;3137;0;N;SBSG;SBGR;2017-03-07 08:55:00;;2017-03-07 12:20:00;;CANCELADO;XN
TAM;3137;0;N;SBSG;SBGR;2017-03-08 08:55:00;;2017-03-08 12:20:00;;CANCELADO;XN
TAM;3137;0;N;SBSG;SBGR;2017-03-09 08:55:00;;2017-03-09 12:20:00;;CANCELADO;XN
TAM;3137;0;N;SBSG;SBGR;2017-03-10 08:55:00;;2017-03-10 12:20:00;;CANCELADO;XN
TAM;3137;0;N;SBSG;SBGR;2017-03-11 08:55:00;;2017-03-11 12:20:00;;CANCELADO;XN
TAM;3137;0;N;SBSG;SBGR;2017-03-12 08:55:00;;2017-03-12 12:20:00;;CANCELADO;XN
TAM;3137;0;N;SBSG;SBGR;2017-03-13 08:55:00;;2017-03-13 12:20:00;;CANCELADO;XN
TAM;3137;0;N;SBSG;SBGR;2017-03-14 08:55:00;;2017-03-14 12:20:00;;CANCELADO;XN
TAM;3137;0;N;SBSG;SBGR;2017-03-15 08:55:00;;2017-03-15 12:20:00;;CANCELADO;XN
TAM;3137;0;N;SBSG;SBGR;2017-03-16 08:55:00;;2017-03-16 12:20:00;;CANCELADO;XN
TAM;3137;0;N;SBSG;SBGR;2017-03-17 08:55:00;;2017-03-17 12:20:00;;CANCELADO;XN
TAM;3137;0;N;SBSG;SBGR;2017-03-18 08:55:00;;2017-03-18 12:20:00;;CANCELADO;XN
TAM;3137;0;N;SBSG;SBGR;2017-03-19 08:55:00;;2017-03-19 12:20:00;;CANCELADO;XN
TAM;3137;0;N;SBSG;SBGR;2017-03-20 08:55:00;;2017-03-20 12:20:00;;CANCELADO;XN
TAM;3137;0;N;SBSG;SBGR;2017-03-21 08:55:00;;2017-03-21 12:20:00;;CANCELADO;XN
TAM;3137;0;N;SBSG;SBGR;2017-03-22 08:55:00;;2017-03-22 12:20:00;;CANCELADO;XN
TAM;3137;0;N;SBSG;SBGR;2017-03-23 08:55:00;;2017-03-23 12:20:00;;CANCELADO;XN
TAM;3137;0;N;SBSG;SBGR;2017-03-24 08:55:00;;2017-03-24 12:20:00;;CANCELADO;XN
TAM;3137;0;N;SBSG;SBGR;2017-03-25 08:55:00;;2017-03-25 12:20:00;;CANCELADO;XN
TAP;87;0;I;LPPT;SBGR;2017-03-24 20:30:00;2017-03-24 20:30:00;2017-03-25 06:30:00;2017-03-25 06:30:00;REALIZADO;
TAP;87;0;I;LPPT;SBGR;2017-03-25 20:30:00;;2017-03-26 06:30:00;;CANCELADO;XB
TAP;87;0;I;LPPT;SBGR;2017-03-26 19:30:00;2017-03-26 19:30:00;2017-03-27 05:30:00;2017-03-27 05:30:00;REALIZADO;
TAP;87;0;I;LPPT;SBGR;2017-03-27 19:30:00;2017-03-27 19:30:00;2017-03-28 05:30:00;2017-03-28 05:30:00;REALIZADO;
TAP;87;0;I;LPPT;SBGR;2017-03-28 19:30:00;2017-03-28 19:30:00;2017-03-29 05:30:00;2017-03-29 05:30:00;REALIZADO;
TAP;87;0;I;LPPT;SBGR;2017-03-29 19:30:00;2017-03-29 19:30:00;2017-03-30 05:30:00;2017-03-30 05:30:00;REALIZADO;
TAP;87;0;I;LPPT;SBGR;2017-03-30 19:30:00;2017-03-30 19:30:00;2017-03-31 05:30:00;2017-03-31 05:30:00;REALIZADO;
TAP;87;0;I;LPPT;SBGR;2017-03-31 19:30:00;2017-03-31 19:30:00;2017-04-01 05:30:00;2017-04-01 05:30:00;REALIZADO;
TAP;88;0;I;SBGR;LPPT;2017-03-01 22:25:00;2017-03-01 22:25:00;2017-03-02 08:15:00;2017-03-02 08:15:00;REALIZADO;
TAP;88;0;I;SBGR;LPPT;2017-03-02 22:25:00;2017-03-02 22:25:00;2017-03-03 08:15:00;2017-03-03 08:15:00;REALIZADO;
TAP;88;0;I;SBGR;LPPT;2017-03-03 22:25:00;2017-03-03 22:25:00;2017-03-04 08:15:00;2017-03-04 08:15:00;REALIZADO;
TAP;88;0;I;SBGR;LPPT;2017-03-04 22:25:00;2017-03-04 23:41:00;2017-03-05 08:15:00;2017-03-05 08:52:00;REALIZADO;TD
TAP;88;0;I;SBGR;LPPT;2017-03-05 22:25:00;2017-03-05 22:25:00;2017-03-06 08:15:00;2017-03-06 08:15:00;REALIZADO;
TAP;88;0;I;SBGR;LPPT;2017-03-06 22:25:00;2017-03-06 22:25:00;2017-03-07 08:15:00;2017-03-07 08:15:00;REALIZADO;
TAP;88;0;I;SBGR;LPPT;2017-03-07 22:25:00;2017-03-07 22:25:00;2017-03-08 08:15:00;2017-03-08 08:15:00;REALIZADO;
TAP;88;0;I;SBGR;LPPT;2017-03-08 22:25:00;2017-03-08 22:25:00;2017-03-09 08:15:00;2017-03-09 08:15:00;REALIZADO;
TAP;88;0;I;SBGR;LPPT;2017-03-09 22:25:00;2017-03-09 22:25:00;2017-03-10 08:15:00;2017-03-10 08:15:00;REALIZADO;
TAP;88;0;I;SBGR;LPPT;2017-03-10 22:25:00;2017-03-10 23:38:00;2017-03-11 08:15:00;2017-03-11 09:23:00;REALIZADO;MX
TAP;88;0;I;SBGR;LPPT;2017-03-11 22:25:00;2017-03-11 22:25:00;2017-03-12 08:15:00;2017-03-12 08:15:00;REALIZADO;
TTL;9925;7;R;SBEG;SWKO;;2017-03-10 09:39:00;;2017-03-10 10:36:00;REALIZADO;
TTL;9925;7;R;SBEG;SWKO;;2017-03-14 09:05:00;;2017-03-14 10:08:00;REALIZADO;
TTL;9925;7;R;SBEG;SWKO;;2017-03-16 09:00:00;;2017-03-16 10:09:00;REALIZADO;
TTL;9925;7;R;SBEG;SWKO;;2017-03-17 09:06:00;;2017-03-17 10:04:00;REALIZADO;
TTL;9925;7;R;SBEG;SWKO;;2017-03-22 07:38:00;;2017-03-22 08:41:00;REALIZADO;
TTL;9925;7;R;SBEG;SWKO;;2017-03-25 08:37:00;;2017-03-25 09:39:00;REALIZADO;
TTL;9925;7;R;SBEG;SWKO;;2017-03-28 08:40:00;;2017-03-28 09:42:00;REALIZADO;
TTL;9925;7;R;SBEG;SWKO;;2017-03-31 08:56:00;;2017-03-31 10:04:00;REALIZADO;
TTL;9925;7;R;SWKO;SBUY;;2017-03-01 12:03:00;;2017-03-01 12:48:00;REALIZADO;
TTL;9925;7;R;SWKO;SBUY;;2017-03-03 10:46:00;;2017-03-03 11:35:00;REALIZADO;
TTL;9925;7;R;SWKO;SBUY;;2017-03-07 11:08:00;;2017-03-07 11:58:00;REALIZADO;
TTL;9925;7;R;SWKO;SBUY;;2017-03-10 10:46:00;;2017-03-10 11:30:00;REALIZADO;
TTL;9925;7;R;SWKO;SBUY;;2017-03-14 10:16:00;;2017-03-14 11:03:00;REALIZADO;
TTL;9925;7;R;SWKO;SBUY;;2017-03-16 10:21:00;;2017-03-16 11:08:00;REALIZADO;
TTL;9925;7;R;SWKO;SBUY;;2017-03-17 10:13:00;;2017-03-17 11:05:00;REALIZADO;
TTL;9925;7;R;SWKO;SBEG;;2017-03-22 08:52:00;;2017-03-22 09:53:00;REALIZADO;
TTL;9925;7;R;SWKO;SBUY;;2017-03-25 09:48:00;;2017-03-25 10:31:00;REALIZADO;
TTL;9925;7;R;SWKO;SBUY;;2017-03-28 09:51:00;;2017-03-28 10:35:00;REALIZADO;
TTL;9925;7;R;SWKO;SBUY;;2017-03-31 10:12:00;;2017-03-31 10:56:00;REALIZADO;
TTL;9931;7;R;SBEG;SBTF;;2017-03-22 14:53:00;;2017-03-22 16:10:00;REALIZADO;
TTL;9931;7;R;SBEG;SBUY;;2017-03-23 17:26:00;;2017-03-23 18:59:00;REALIZADO;
TTL;9931;7;R;SBTF;SBEG;;2017-03-22 18:36:00;;2017-03-22 20:00:00;REALIZADO;
TTL;9934;7;R;SWCA;SBEG;;2017-03-21 13:22:00;;2017-03-21 15:15:00;REALIZADO;
TTL;9935;B;R;SBEG;SBEG;;2017-03-20 10:30:00;;2017-03-20 10:56:00;REALIZADO;VE
TTL;9935;B;R;SBEG;SBEG;;2017-03-21 17:42:00;;2017-03-21 18:04:00;REALIZADO;VE
UAE;247;4;I;DGAA;SBGL;;2017-03-08 10:44:00;;2017-03-08 17:22:00;REALIZADO;MX
UAE;247;0;I;OMDB;SBGL;2017-03-01 00:10:00;2017-03-01 00:10:00;2017-03-01 14:30:00;2017-03-01 14:30:00;REALIZADO;
UAE;247;0;I;OMDB;SBGL;2017-03-02 00:10:00;2017-03-02 00:10:00;2017-03-02 14:30:00;2017-03-02 14:30:00;REALIZADO;
UAE;247;0;I;OMDB;SBGL;2017-03-03 00:10:00;2017-03-03 02:18:00;2017-03-03 14:30:00;2017-03-03 16:41:00;REALIZADO;RA
UAE;247;0;I;OMDB;SBGL;2017-03-04 00:10:00;2017-03-04 00:10:00;2017-03-04 14:30:00;2017-03-04 14:30:00;REALIZADO;
UPS;410;0;G;KMIA;SBKP;2017-03-01 11:10:00;2017-03-01 12:53:00;2017-03-01 19:00:00;2017-03-01 20:58:00;REALIZADO;WO
UPS;410;0;G;KMIA;SBKP;2017-03-08 11:10:00;2017-03-08 11:58:00;2017-03-08 19:00:00;2017-03-08 20:14:00;REALIZADO;RA
UPS;410;0;G;KMIA;SBKP;2017-03-15 11:10:00;2017-03-15 11:10:00;2017-03-15 19:00:00;2017-03-15 19:00:00;REALIZADO;
UPS;410;0;G;KMIA;SBKP;2017-03-22 11:10:00;2017-03-22 11:10:00;2017-03-22 19:00:00;2017-03-22 19:00:00;REALIZADO;
UPS;410;0;G;KMIA;SBKP;2017-03-29 11:10:00;2017-03-29 11:10:00;2017-03-29 19:00:00;2017-03-29 19:00:00;REALIZADO;
UPS;410;0;G;SBKP;SCEL;2017-03-01 22:15:00;2017-03-01 22:15:00;2017-03-02 02:11:00;2017-03-02 02:11:00;REALIZADO;
UPS;410;0;G;SBKP;SCEL;2017-03-08 22:15:00;2017-03-08 22:15:00;2017-03-09 02:11:00;2017-03-09 02:11:00;REALIZADO;
UPS;410;0;G;SBKP;SCEL;2017-03-15 22:15:00;2017-03-15 22:15:00;2017-03-16 02:11:00;2017-03-16 02:11:00;REALIZADO;
UPS;410;0;G;SBKP;SCEL;2017-03-22 22:15:00;2017-03-22 22:15:00;2017-03-23 02:11:00;2017-03-23 02:11:00;REALIZADO;
UPS;410;0;G;SBKP;SCEL;2017-03-29 22:15:00;2017-03-29 22:15:00;2017-03-30 02:11:00;2017-03-30 02:11:00;REALIZADO;
UPS;410;0;G;SCEL;SAEZ;2017-03-02 03:33:00;2017-03-02 03:10:00;2017-03-02 05:27:00;2017-03-02 04:57:00;REALIZADO;MX
UPS;410;0;G;SCEL;SAEZ;2017-03-09 03:33:00;2017-03-09 03:33:00;2017-03-09 05:27:00;2017-03-09 05:27:00;REALIZADO;
UPS;410;0;G;SCEL;SAEZ;2017-03-16 03:33:00;2017-03-16 03:33:00;2017-03-16 05:27:00;2017-03-16 05:27:00;REALIZADO;
UPS;410;0;G;SCEL;SAEZ;2017-03-23 03:33:00;;2017-03-23 05:27:00;;CANCELADO;XT
UPS;410;0;G;SCEL;SAEZ;2017-03-30 03:33:00;2017-03-30 03:33:00;2017-03-30 05:27:00;2017-03-30 05:27:00;REALIZADO;
UPS;410;3;G;SCEL;SBKP;;2017-03-23 03:14:00;;2017-03-23 07:24:00;REALIZADO;VR
UPS;411;0;G;SAEZ;SBKP;2017-03-02 06:50:00;2017-03-02 06:50:00;2017-03-02 09:20:00;2017-03-02 09:20:00;REALIZADO;
UPS;411;0;G;SAEZ;SBKP;2017-03-09 06:50:00;2017-03-09 10:06:00;2017-03-09 09:20:00;2017-03-09 12:38:00;REALIZADO;WO
UPS;411;0;G;SAEZ;SBKP;2017-03-16 06:50:00;2017-03-16 06:50:00;2017-03-16 09:20:00;2017-03-16 09:20:00;REALIZADO;
UPS;411;0;G;SAEZ;SBKP;2017-03-23 06:50:00;;2017-03-23 09:20:00;;CANCELADO;XN
UPS;411;0;G;SAEZ;SBKP;2017-03-30 06:50:00;2017-03-30 06:50:00;2017-03-30 09:20:00;2017-03-30 09:20:00;REALIZADO;
UPS;411;0;G;SBKP;SKBO;2017-03-02 10:45:00;2017-03-02 11:37:00;2017-03-02 16:27:00;2017-03-02 17:04:00;REALIZADO;MX
AAL;234;0;I;SBGR;KMIA;2017-04-15 10:00:00;;2017-04-15 18:35:00;;CANCELADO;XN
GLO;1003;0;N;SBRJ;SBSP;2017-04-07 07:10:00;2017-04-07 07:10:00;2017-04-07 08:15:00;2017-04-07 08:15:00;REALIZADO;
GLO;1003;0;N;SBRJ;SBSP;2017-04-26 07:10:00;2017-04-26 07:10:00;2017-04-26 08:15:00;2017-04-26 08:15:00;REALIZADO;
GLO;1004;0;N;SBSP;SBRJ;2017-04-21 07:10:00;2017-04-21 07:10:00;2017-04-21 08:10:00;2017-04-21 08:10:00;REALIZADO;
GLO;1004;0;R;SBSP;SBRJ;2017-04-18 07:10:00;2017-04-18 07:10:00;2017-04-18 08:10:00;2017-04-18 08:10:00;REALIZADO;
KAL;274;0;I;SBKP;SCEL;2017-04-09 15:45:00;2017-04-02 17:50:00;2017-04-09 19:55:00;2017-04-02 21:30:00;REALIZADO;
KLM;701;0;I;EHAM;SAEZ;2017-04-30 16:05:00;2017-04-30 16:05:00;2017-05-01 05:55:00;2017-05-01 05:55:00;REALIZADO;
KLM;701;0;I;EHAM;SAEZ;2017-04-19 16:05:00;2017-04-19 16:05:00;2017-04-20 05:55:00;2017-04-20 05:55:00;REALIZADO;
KLM;701;0;I;EHAM;SAEZ;2017-04-07 16:05:00;2017-04-07 16:05:00;2017-04-08 05:55:00;2017-04-08 05:55:00;REALIZADO;
KLM;701;0;I;SAEZ;SCEL;2017-04-15 07:55:00;2017-04-15 07:55:00;2017-04-15 10:10:00;2017-04-15 10:10:00;REALIZADO;
KLM;701;0;I;EHAM;SAEZ;2017-04-05 16:05:00;;2017-04-06 05:55:00;;CANCELADO;XN
KLM;701;0;I;SAEZ;SCEL;2017-04-29 07:55:00;2017-04-29 07:55:00;2017-04-29 10:10:00;2017-04-29 10:10:00;REALIZADO;
PTB;9811;2;N;SBTG;SBSR;;2017-04-29 03:16:00;;2017-04-29 04:09:00;REALIZADO;
PTB;9811;2;N;SBTG;SBSR;;2017-04-27 03:17:00;;2017-04-27 04:05:00;REALIZADO;
QTR;773;0;I;SBGR;SAEZ;2017-04-13 17:55:00;2017-04-13 18:36:00;2017-04-13 20:50:00;2017-04-13 21:03:00;REALIZADO;AS
QTR;773;0;I;OTHH;SBGR;2017-04-16 02:15:00;2017-04-16 02:15:00;2017-04-16 16:45:00;2017-04-16 16:45:00;REALIZADO;
QTR;773;0;I;SBGR;SAEZ;2017-04-04 17:55:00;2017-04-04 18:35:00;2017-04-04 20:50:00;2017-04-04 20:57:00;REALIZADO;MX
QTR;773;0;I;SBGR;SAEZ;2017-04-20 17:55:00;2017-04-20 18:43:00;2017-04-20 20:50:00;2017-04-20 20:59:00;REALIZADO;MX
QTR;773;0;I;OTHH;SBGR;2017-04-07 02:15:00;2017-04-07 02:15:00;2017-04-07 16:45:00;2017-04-07 16:45:00;REALIZADO;
QTR;773;0;I;SBGR;SAEZ;2017-04-15 17:55:00;2017-04-15 18:53:00;2017-04-15 20:50:00;2017-04-15 21:20:00;REALIZADO;MX
QTR;773;0;I;SBGR;SAEZ;2017-04-10 17:55:00;2017-04-10 18:35:00;2017-04-10 20:50:00;2017-04-10 20:50:00;REALIZADO;MX
QTR;773;0;I;SBGR;SAEZ;2017-04-18 17:55:00;2017-04-18 18:38:00;2017-04-18 20:50:00;2017-04-18 21:01:00;REALIZADO;MX
QTR;773;0;I;OTHH;SBGR;2017-04-12 02:15:00;2017-04-12 02:15:00;2017-04-12 16:45:00;2017-04-12 16:45:00;REALIZADO;
AZU;4417;0;R;SBAE;SBML;2017-05-03 10:12:00;2017-05-03 10:12:00;2017-05-03 10:44:00;2017-05-03 10:44:00;REALIZADO;
AZU;4417;0;N;SBAE;SBML;2017-05-04 10:12:00;2017-05-04 10:10:00;2017-05-04 10:44:00;2017-05-04 10:43:00;REALIZADO;HD
AZU;4417;0;N;SBAE;SBML;2017-05-02 10:12:00;2017-05-02 10:02:00;2017-05-02 10:44:00;2017-05-02 10:37:00;REALIZADO;HD
AZU;4417;0;N;SBAE;SBML;2017-05-08 10:12:00;2017-05-08 10:12:00;2017-05-08 10:44:00;2017-05-08 10:43:00;REALIZADO;HD
AZU;4417;0;R;SBAE;SBML;2017-05-27 10:12:00;2017-05-27 10:12:00;2017-05-27 10:44:00;2017-05-27 10:44:00;REALIZADO;
AZU;4417;0;N;SBML;SBKP;2017-05-11 11:09:00;2017-05-11 11:05:00;2017-05-11 12:05:00;2017-05-11 12:02:00;REALIZADO;HD
AZU;4417;0;R;SBAE;SBML;2017-05-18 10:12:00;2017-05-18 10:12:00;2017-05-18 10:44:00;2017-05-18 10:44:00;REALIZADO;
AZU;4417;0;R;SBML;SBKP;2017-05-19 11:09:00;;2017-05-19 12:05:00;;CANCELADO;XB
AZU;4417;0;N;SBML;SBKP;2017-05-02 11:09:00;2017-05-02 10:59:00;2017-05-02 12:05:00;2017-05-02 11:56:00;REALIZADO;HD
AZU;4417;0;R;SBKP;SBAE;2017-05-31 08:45:00;2017-05-31 08:45:00;2017-05-31 09:47:00;2017-05-31 09:47:00;REALIZADO;
AZU;4417;0;R;SBML;SBKP;2017-05-03 11:09:00;2017-05-03 11:09:00;2017-05-03 12:05:00;2017-05-03 12:05:00;REALIZADO;
AZU;4417;0;N;SBML;SBKP;2017-05-31 11:09:00;2017-05-31 11:14:00;2017-05-31 12:05:00;2017-05-31 12:20:00;REALIZADO;AT
AZU;4417;0;N;SBML;SBKP;2017-05-27 11:09:00;2017-05-27 11:22:00;2017-05-27 12:05:00;2017-05-27 12:22:00;REALIZADO;AT
AZU;4417;0;N;SBAE;SBML;2017-05-23 10:12:00;2017-05-23 10:00:00;2017-05-23 10:44:00;2017-05-23 10:32:00;REALIZADO;HD
GTI;37;0;G;KMIA;SBEG;2017-06-15 07:55:00;2017-06-15 07:44:00;2017-06-15 12:52:00;2017-06-15 12:35:00;REALIZADO;MX
GTI;37;0;G;KMIA;SBEG;2017-06-29 07:55:00;2017-06-29 14:29:00;2017-06-29 12:52:00;2017-06-29 19:29:00;REALIZADO;MX
GTI;37;0;G;KMIA;SBEG;2017-06-01 07:55:00;2017-06-01 07:30:00;2017-06-01 12:52:00;2017-06-01 12:14:00;REALIZADO;MX
GTI;38;0;G;SBEG;SEQU;2017-06-29 14:59:00;2017-06-29 21:28:00;2017-06-29 18:10:00;2017-06-30 00:37:00;REALIZADO;MX
GTI;38;0;G;SEQU;KMIA;2017-06-15 20:10:00;2017-06-15 19:58:00;2017-06-16 00:10:00;2017-06-15 23:51:00;REALIZADO;MX
GTI;38;0;G;SEQU;KMIA;2017-06-29 20:10:00;2017-06-30 02:35:00;2017-06-30 00:10:00;2017-06-30 06:26:00;REALIZADO;MX
GTI;38;0;G;SBEG;SEQU;2017-06-01 14:59:00;2017-06-01 13:45:00;2017-06-01 18:10:00;2017-06-01 17:14:00;REALIZADO;MX
GTI;38;0;G;SEQU;KMIA;2017-06-08 20:10:00;2017-06-08 23:20:00;2017-06-09 00:10:00;2017-06-09 03:07:00;REALIZADO;MX
GTI;38;0;G;SEQU;KMIA;2017-06-01 20:10:00;2017-06-01 19:08:00;2017-06-02 00:10:00;2017-06-01 23:19:00;REALIZADO;MX
GTI;38;0;G;SEQU;KMIA;2017-06-22 20:10:00;2017-06-22 19:37:00;2017-06-23 00:10:00;2017-06-22 23:28:00;REALIZADO;MX
GTI;38;0;G;SBEG;SEQU;2017-06-15 14:59:00;2017-06-15 14:28:00;2017-06-15 18:10:00;2017-06-15 17:46:00;REALIZADO;MX
GTI;38;0;G;SBEG;SEQU;2017-06-08 14:59:00;2017-06-08 17:55:00;2017-06-08 18:10:00;2017-06-08 20:50:00;REALIZADO;MX
GTI;38;0;G;SBEG;SEQU;2017-06-22 14:59:00;2017-06-22 13:54:00;2017-06-22 18:10:00;2017-06-22 17:03:00;REALIZADO;MX
GTI;39;4;I;KMIA;SBEG;;2017-06-25 06:59:00;;2017-06-25 11:50:00;REALIZADO;
GTI;39;4;I;KMIA;SBEG;;2017-06-04 06:59:00;;2017-06-04 11:47:00;REALIZADO;
GTI;39;4;I;KMIA;SBEG;;2017-06-11 11:44:00;;2017-06-11 16:43:00;REALIZADO;
GTI;39;4;I;KMIA;SBEG;;2017-06-18 07:39:00;;2017-06-18 12:19:00;REALIZADO;
GTI;40;4;I;SBEG;SEQU;;2017-06-18 14:07:00;;2017-06-18 17:17:00;REALIZADO;
GTI;40;4;I;SEQU;KMIA;;2017-06-18 19:36:00;;2017-06-19 23:28:00;REALIZADO;
GTI;40;4;I;SBEG;SEQU;;2017-06-25 13:52:00;;2017-06-25 17:10:00;REALIZADO;
GTI;40;4;I;SEQU;KMIA;;2017-06-12 00:01:00;;2017-06-12 03:55:00;REALIZADO;
GTI;40;4;I;SEQU;KMIA;;2017-06-25 19:00:00;;2017-06-25 23:03:00;REALIZADO;
GTI;40;4;I;SEQU;KMIA;;2017-06-04 19:26:00;;2017-06-04 23:26:00;REALIZADO;
GTI;40;4;I;SBEG;SEQU;;2017-06-11 18:47:00;;2017-06-11 21:59:00;REALIZADO;
GTI;40;4;I;SBEG;SEQU;;2017-06-04 13:43:00;;2017-06-04 17:24:00;REALIZADO;
GTI;45;0;G;KMIA;SBKP;2017-06-15 11:10:00;2017-06-15 11:15:00;2017-06-15 19:10:00;2017-06-15 19:28:00;REALIZADO;MX
GTI;45;0;G;KMIA;SBKP;2017-06-22 11:10:00;2017-06-22 11:21:00;2017-06-22 19:10:00;2017-06-22 19:18:00;REALIZADO;MX
GTI;45;0;G;KMIA;SBKP;2017-06-29 11:10:00;2017-06-29 11:15:00;2017-06-29 19:10:00;2017-06-29 19:29:00;REALIZADO;MX
GTI;45;0;G;KMIA;SBKP;2017-06-01 11:10:00;2017-06-01 11:18:00;2017-06-01 19:10:00;2017-06-01 19:10:00;REALIZADO;MX
GTI;45;0;G;KMIA;SBKP;2017-06-08 11:10:00;2017-06-08 14:08:00;2017-06-08 19:10:00;2017-06-08 22:16:00;REALIZADO;MX
GTI;46;0;G;SCEL;KMIA;2017-06-23 03:20:00;2017-06-23 03:09:00;2017-06-23 11:45:00;2017-06-23 11:24:00;REALIZADO;MX
IBE;6841;0;I;LEMD;SAEZ;2017-06-13 19:05:00;2017-06-13 19:05:00;2017-06-14 07:55:00;2017-06-14 07:55:00;REALIZADO;
IBE;6841;0;I;LEMD;SAEZ;2017-06-10 19:05:00;2017-06-10 19:05:00;2017-06-11 07:55:00;2017-06-11 07:55:00;REALIZADO;
IBE;6841;0;I;LEMD;SAEZ;2017-06-15 19:05:00;2017-06-15 19:05:00;2017-06-16 07:55:00;2017-06-16 07:55:00;REALIZADO;
IBE;6841;0;I;LEMD;SAEZ;2017-06-05 19:05:00;2017-06-05 19:05:00;2017-06-06 07:55:00;2017-06-06 07:55:00;REALIZADO;
IBE;6841;0;I;LEMD;SAEZ;2017-06-18 19:05:00;2017-06-18 19:05:00;2017-06-19 07:45:00;2017-06-19 07:45:00;REALIZADO;
IBE;6841;0;I;LEMD;SAEZ;2017-06-03 19:05:00;2017-06-03 19:05:00;2017-06-04 07:55:00;2017-06-04 07:55:00;REALIZADO;
LAN;705;0;I;EDDF;LEMD;2017-06-12 14:25:00;2017-06-12 14:25:00;2017-06-12 17:00:00;2017-06-12 17:00:00;REALIZADO;
LAN;705;0;I;LEMD;SCEL;2017-06-04 18:55:00;2017-06-04 18:55:00;2017-06-05 08:35:00;2017-06-05 08:35:00;REALIZADO;
LAN;705;0;I;LEMD;SCEL;2017-06-07 18:55:00;2017-06-07 18:55:00;2017-06-08 08:35:00;2017-06-08 08:35:00;REALIZADO;
LAN;705;0;I;EDDF;LEMD;2017-06-09 14:25:00;2017-06-09 14:25:00;2017-06-09 17:00:00;2017-06-09 17:00:00;REALIZADO;
LAN;705;0;I;EDDF;LEMD;2017-06-28 14:25:00;2017-06-28 14:25:00;2017-06-28 17:00:00;2017-06-28 17:00:00;REALIZADO;
LAN;705;0;I;LEMD;SCEL;2017-06-16 18:55:00;2017-06-16 18:55:00;2017-06-17 08:35:00;2017-06-17 08:35:00;REALIZADO;
LAN;705;0;I;LEMD;SCEL;2017-06-28 18:55:00;2017-06-28 18:55:00;2017-06-29 08:35:00;2017-06-29 08:35:00;REALIZADO;
LAN;705;0;I;LEMD;SCEL;2017-06-02 18:55:00;2017-06-02 18:55:00;2017-06-03 08:35:00;2017-06-03 08:35:00;REALIZADO;
LAN;705;0;I;EDDF;LEMD;2017-06-14 14:25:00;2017-06-14 14:25:00;2017-06-14 17:00:00;2017-06-14 17:00:00;REALIZADO;
LAN;705;0;I;EDDF;LEMD;2017-06-07 14:25:00;2017-06-07 14:25:00;2017-06-07 17:00:00;2017-06-07 17:00:00;REALIZADO;
LAN;705;0;I;LEMD;SCEL;2017-06-11 18:55:00;2017-06-11 18:55:00;2017-06-12 08:35:00;2017-06-12 08:35:00;REALIZADO;
LAN;705;0;I;EDDF;LEMD;2017-06-25 14:25:00;2017-06-25 14:25:00;2017-06-25 17:00:00;2017-06-25 17:00:00;REALIZADO;
LTG;6578;4;C;SBGR;SBEG;;2017-06-29 15:54:00;;2017-06-29 19:44:00;REALIZADO;
LTG;6578;4;C;SBGR;SBEG;;2017-06-27 13:01:00;;2017-06-27 16:36:00;REALIZADO;
LTG;6578;4;C;SBGR;SBEG;;2017-06-20 14:35:00;;2017-06-20 18:27:00;REALIZADO;HD
LTG;6578;4;C;SBGR;SBEG;;2017-06-08 15:34:00;;2017-06-08 19:25:00;REALIZADO;
LTG;6578;4;C;SBGR;SBEG;;2017-06-01 22:57:00;;2017-06-02 03:12:00;REALIZADO;
LTG;6581;0;C;SBEG;SBGR;2017-06-19 22:10:00;;2017-06-20 02:00:00;;CANCELADO;XN
LTG;6581;0;C;SBEG;SBGR;2017-06-26 22:10:00;;2017-06-27 02:00:00;;CANCELADO;XN
LTG;6581;0;C;SBEG;SBGR;2017-06-12 22:10:00;;2017-06-13 02:00:00;;CANCELADO;XN
LTG;6581;0;C;SBEG;SBGR;2017-06-05 22:10:00;;2017-06-06 02:00:00;;CANCELADO;XN
LTG;6582;0;C;SBGR;SBEG;2017-06-13 04:50:00;2017-06-13 09:09:00;2017-06-13 08:40:00;2017-06-13 13:05:00;REALIZADO;MX
LTG;6582;0;C;SBGR;SBEG;2017-06-20 04:50:00;2017-06-20 04:50:00;2017-06-20 08:40:00;2017-06-20 08:40:00;REALIZADO;
LTG;6582;0;C;SBGR;SBEG;2017-06-27 04:50:00;2017-06-27 03:25:00;2017-06-27 08:40:00;2017-06-27 07:11:00;REALIZADO;HD
LTG;6582;0;C;SBGR;SBEG;2017-06-06 04:50:00;2017-06-06 04:39:00;2017-06-06 08:40:00;2017-06-06 08:38:00;REALIZADO;HD
LTG;8410;0;G;SKBO;SKRG;2017-06-13 10:40:00;;2017-06-13 11:10:00;;CANCELADO;XN
LTG;8410;0;G;SKCL;KMIA;2017-06-27 14:00:00;;2017-06-27 17:15:00;;CANCELADO;XN
LTG;8410;0;G;SKCL;KMIA;2017-06-20 14:00:00;;2017-06-20 17:15:00;;CANCELADO;XN
LTG;8410;0;G;SVMI;SVVA;2017-06-27 05:50:00;;2017-06-27 07:00:00;;CANCELADO;XN
LTG;8410;0;G;SBKP;SBEG;2017-06-12 22:20:00;;2017-06-13 01:20:00;;CANCELADO;XN
LTG;8410;0;G;SBKP;SBEG;2017-06-05 22:20:00;;2017-06-06 01:20:00;;CANCELADO;XN